id,revenue
3001,13474405.700935075
3002,25895031.0
3003,2712713.333333317
3004,26436632.756218113
3005,6291020.464967888
3006,2712713.333333317
3007,13474405.700935075
3008,51333315.066665895
3009,16045970.401099343
3010,572354525.0
3011,5077006.25
3012,13474405.700935075
3013,77871005.33333273
3014,2085496.0
3015,36601750.485716
3016,6291020.464967888
3017,65929346.555557005
3018,170899059.68420556
3019,13474405.700935075
3020,735465609.6666751
3021,89460879.82758516
3022,53968710.0
3023,2085496.0
3024,36601750.485716
3025,13474405.700935075
3026,114349606.5
3027,6291020.464967888
3028,121476029.84615876
3029,2085496.0
3030,53531443.10869323
3031,5990138.38235284
3032,5327875.571428446
3033,2085496.0
3034,273767.10000001005
3035,2712713.333333317
3036,26436632.756218113
3037,28817179.71428637
3038,30657609.52941135
3039,46401918.888886884
3040,13474405.700935075
3041,26436632.756218113
3042,6291020.464967888
3043,13474405.700935075
3044,13474405.700935075
3045,384895836.59998584
3046,6291020.464967888
3047,2712713.333333317
3048,16045970.401099343
3049,57552032.0
3050,26436632.756218113
3051,2085496.0
3052,36601750.485716
3053,2085496.0
3054,16382272.571429254
3055,85875060.71428512
3056,2838771.3582089436
3057,121476029.84615876
3058,239786838.14286664
3059,2085496.0
3060,50850301.46153743
3061,77871005.33333273
3062,30657609.52941135
3063,35003607.97368467
3064,60293392.33333173
3065,36601750.485716
3066,124145723.785712
3067,2712713.333333317
3068,23671371.09090962
3069,202824318.83332953
3070,6291020.464967888
3071,5990138.38235284
3072,1130414203.4443946
3073,11953635.70000044
3074,273767.10000001005
3075,46401918.888886884
3076,384895836.59998584
3077,26436632.756218113
3078,60561102.19999797
3079,89460879.82758516
3080,226385470.40000698
3081,5990138.38235284
3082,2712713.333333317
3083,13474405.700935075
3084,2085496.0
3085,40533285.170730904
3086,50850301.46153743
3087,6291020.464967888
3088,6291020.464967888
3089,863325.1428571312
3090,36601750.485716
3091,22587864.857142348
3092,2712713.333333317
3093,202157515.25
3094,124145723.785712
3095,36601750.485716
3096,6374868.125
3097,1130414203.4443946
3098,26436632.756218113
3099,37849109.71428577
3100,2712713.333333317
3101,2712713.333333317
3102,2712713.333333317
3103,2085496.0
3104,863325.1428571312
3105,37849109.71428577
3106,44139291.333333
3107,36601750.485716
3108,26436632.756218113
3109,2712713.333333317
3110,459417313.875
3111,6291020.464967888
3112,13474405.700935075
3113,26436632.756218113
3114,26436632.756218113
3115,26436632.756218113
3116,13474405.700935075
3117,6291020.464967888
3118,2712713.333333317
3119,268375714.75
3120,124207157.75
3121,6291020.464967888
3122,5990138.38235284
3123,30657609.52941135
3124,2712713.333333317
3125,863325.1428571312
3126,36601750.485716
3127,2712713.333333317
3128,23671371.09090962
3129,211395976.66667116
3130,13474405.700935075
3131,2712713.333333317
3132,5327875.571428446
3133,2085496.0
3134,2712713.333333317
3135,6291020.464967888
3136,6291020.464967888
3137,83732621.2857151
3138,863325.1428571312
3139,16045970.401099343
3140,143988482.600003
3141,6291020.464967888
3142,2085496.0
3143,177477185.73333627
3144,22587864.857142348
3145,2712713.333333317
3146,2085496.0
3147,26436632.756218113
3148,2712713.333333317
3149,60561102.19999797
3150,108259791.2000031
3151,26436632.756218113
3152,46401918.888886884
3153,2712713.333333317
3154,26436632.756218113
3155,46401918.888886884
3156,20202560.0
3157,26436632.756218113
3158,37453114.55555682
3159,2712713.333333317
3160,13474405.700935075
3161,6291020.464967888
3162,2712713.333333317
3163,40533285.170730904
3164,13474405.700935075
3165,6291020.464967888
3166,2085496.0
3167,89460879.82758516
3168,1.0
3169,10628461.666666703
3170,20502036.875
3171,2712713.333333317
3172,36601750.485716
3173,863325.1428571312
3174,13474405.700935075
3175,57552032.0
3176,40533285.170730904
3177,206365571.66667074
3178,13474405.700935075
3179,5990138.38235284
3180,2712713.333333317
3181,6291020.464967888
3182,135249593.55554962
3183,40533285.170730904
3184,40533285.170730904
3185,22904807.25
3186,36601750.485716
3187,2712713.333333317
3188,26436632.756218113
3189,124145723.785712
3190,9318038.071428532
3191,26436632.756218113
3192,6291020.464967888
3193,211395976.66667116
3194,79884738.69230881
3195,863325.1428571312
3196,2712713.333333317
3197,17883298.599999335
3198,135237107.0
3199,572354525.0
3200,13474405.700935075
3201,57552032.0
3202,6291020.464967888
3203,863325.1428571312
3204,13474405.700935075
3205,6291020.464967888
3206,26436632.756218113
3207,53531443.10869323
3208,26436632.756218113
3209,6374868.125
3210,588839284.625
3211,2085496.0
3212,53531443.10869323
3213,356830601.0
3214,4284401.5
3215,6291020.464967888
3216,13474405.700935075
3217,384895836.59998584
3218,13474405.700935075
3219,13474405.700935075
3220,135249593.55554962
3221,5990138.38235284
3222,13474405.700935075
3223,2712713.333333317
3224,35092975.33333422
3225,2712713.333333317
3226,26436632.756218113
3227,121476029.84615876
3228,37849109.71428577
3229,177477185.73333627
3230,40533285.170730904
3231,46401918.888886884
3232,26436632.756218113
3233,6291020.464967888
3234,2712713.333333317
3235,2712713.333333317
3236,6291020.464967888
3237,16045970.401099343
3238,13474405.700935075
3239,6291020.464967888
3240,309606665.1428636
3241,13474405.700935075
3242,13474405.700935075
3243,13474405.700935075
3244,43800048.5
3245,5990138.38235284
3246,36601750.485716
3247,26436632.756218113
3248,85875060.71428512
3249,31249969.333334196
3250,268375714.75
3251,6291020.464967888
3252,26436632.756218113
3253,178731810.875
3254,35092975.33333422
3255,273767.10000001005
3256,35003607.97368467
3257,26436632.756218113
3258,2712713.333333317
3259,16045970.401099343
3260,11953635.70000044
3261,588839284.625
3262,92989516.79999842
3263,273767.10000001005
3264,863325.1428571312
3265,273767.10000001005
3266,2085496.0
3267,74302279.5
3268,863325.1428571312
3269,146510307.79999453
3270,89460879.82758516
3271,2712713.333333317
3272,22587864.857142348
3273,26436632.756218113
3274,588839284.625
3275,20202560.0
3276,2838771.3582089436
3277,6374868.125
3278,50850301.46153743
3279,20502036.875
3280,239786838.14286664
3281,863325.1428571312
3282,6291020.464967888
3283,340497285.0
3284,26436632.756218113
3285,89460879.82758516
3286,13474405.700935075
3287,2712713.333333317
3288,46401918.888886884
3289,46401918.888886884
3290,190982245.66666943
3291,26436632.756218113
3292,384895836.59998584
3293,114349606.5
3294,26436632.756218113
3295,5327875.571428446
3296,8069669.333333563
3297,18774672.57142905
3298,124145723.785712
3299,13474405.700935075
3300,36601750.485716
3301,273767.10000001005
3302,2712713.333333317
3303,2712713.333333317
3304,13474405.700935075
3305,16045970.401099343
3306,2838771.3582089436
3307,8602706.0
3308,16724701.111110749
3309,13474405.700935075
3310,5990138.38235284
3311,13474405.700935075
3312,57552032.0
3313,89460879.82758516
3314,2712713.333333317
3315,121476029.84615876
3316,46401918.888886884
3317,2712713.333333317
3318,13474405.700935075
3319,6291020.464967888
3320,26436632.756218113
3321,6374868.125
3322,13474405.700935075
3323,151545639.5
3324,2838771.3582089436
3325,124145723.785712
3326,177477185.73333627
3327,146510307.79999453
3328,22587864.857142348
3329,13474405.700935075
3330,83732621.2857151
3331,2712713.333333317
3332,89460879.82758516
3333,572354525.0
3334,36904881.0
3335,51333315.066665895
3336,26436632.756218113
3337,863325.1428571312
3338,13474405.700935075
3339,13474405.700935075
3340,151545639.5
3341,2712713.333333317
3342,178731810.875
3343,53531443.10869323
3344,5077006.25
3345,57552032.0
3346,92989516.79999842
3347,2838771.3582089436
3348,16724701.111110749
3349,114349606.5
3350,230468783.428575
3351,14018888.25
3352,4284401.5
3353,50850301.46153743
3354,26436632.756218113
3355,863325.1428571312
3356,46401918.888886884
3357,6291020.464967888
3358,13474405.700935075
3359,23671371.09090962
3360,4284401.5
3361,177477185.73333627
3362,26436632.756218113
3363,26436632.756218113
3364,26436632.756218113
3365,6374868.125
3366,124145723.785712
3367,177477185.73333627
3368,273767.10000001005
3369,35003607.97368467
3370,143988482.600003
3371,89460879.82758516
3372,30657609.52941135
3373,46401918.888886884
3374,5990138.38235284
3375,50850301.46153743
3376,36601750.485716
3377,57552032.0
3378,16382272.571429254
3379,124207157.75
3380,36601750.485716
3381,2712713.333333317
3382,6291020.464967888
3383,13474405.700935075
3384,8765648.0
3385,151545639.5
3386,36904881.0
3387,4236660.857142678
3388,102252823.20000255
3389,735465609.6666751
3390,13474405.700935075
3391,18774672.57142905
3392,2712713.333333317
3393,13474405.700935075
3394,177477185.73333627
3395,135237107.0
3396,2712713.333333317
3397,863325.1428571312
3398,442047742.4000155
3399,124145723.785712
3400,13474405.700935075
3401,2838771.3582089436
3402,2838771.3582089436
3403,85672283.66666628
3404,2712713.333333317
3405,46401918.888886884
3406,226385470.40000698
3407,83732621.2857151
3408,54184469.5
3409,3265522.0
3410,36601750.485716
3411,53531443.10869323
3412,22587864.857142348
3413,13196854.0
3414,2838771.3582089436
3415,20502036.875
3416,143988482.600003
3417,89460879.82758516
3418,26436632.756218113
3419,309606665.1428636
3420,6291020.464967888
3421,26436632.756218113
3422,5327875.571428446
3423,459417313.875
3424,2838771.3582089436
3425,11953635.70000044
3426,2712713.333333317
3427,36601750.485716
3428,13474405.700935075
3429,26436632.756218113
3430,1130414203.4443946
3431,6291020.464967888
3432,26436632.756218113
3433,17071414.0
3434,9318038.071428532
3435,309606665.1428636
3436,177477185.73333627
3437,13474405.700935075
3438,13474405.700935075
3439,147989643.0
3440,51333315.066665895
3441,54184469.5
3442,13474405.700935075
3443,6291020.464967888
3444,2838771.3582089436
3445,146510307.79999453
3446,2085496.0
3447,2712713.333333317
3448,46401918.888886884
3449,26436632.756218113
3450,89460879.82758516
3451,46401918.888886884
3452,46401918.888886884
3453,35003607.97368467
3454,16017877.0
3455,13474405.700935075
3456,190982245.66666943
3457,9318038.071428532
3458,26436632.756218113
3459,1130414203.4443946
3460,46401918.888886884
3461,2712713.333333317
3462,17071414.0
3463,94720042.75
3464,273767.10000001005
3465,26436632.756218113
3466,16045970.401099343
3467,13474405.700935075
3468,65929346.555557005
3469,2712713.333333317
3470,863325.1428571312
3471,26436632.756218113
3472,5077006.25
3473,89460879.82758516
3474,40533285.170730904
3475,268375714.75
3476,2838771.3582089436
3477,35003607.97368467
3478,150000000.0
3479,230468783.428575
3480,26436632.756218113
3481,6291020.464967888
3482,2085496.0
3483,1.0
3484,11953635.70000044
3485,53531443.10869323
3486,51129061.45454433
3487,28817179.71428637
3488,143988482.600003
3489,13474405.700935075
3490,31249969.333334196
3491,26436632.756218113
3492,2838771.3582089436
3493,36601750.485716
3494,57552032.0
3495,79884738.69230881
3496,13474405.700935075
3497,349329166.0
3498,2476913.942028999
3499,16562463.666667147
3500,13474405.700935075
3501,51129061.45454433
3502,227799884.0
3503,26436632.756218113
3504,79884738.69230881
3505,5990138.38235284
3506,121476029.84615876
3507,309606665.1428636
3508,4284401.5
3509,57552032.0
3510,26436632.756218113
3511,44139291.333333
3512,124207157.75
3513,26436632.756218113
3514,26436632.756218113
3515,6374868.125
3516,2712713.333333317
3517,1130414203.4443946
3518,46401918.888886884
3519,2712713.333333317
3520,35092975.33333422
3521,6291020.464967888
3522,5990138.38235284
3523,2712713.333333317
3524,53531443.10869323
3525,202824318.83332953
3526,30657609.52941135
3527,2712713.333333317
3528,16724701.111110749
3529,930209058.3999702
3530,44139291.333333
3531,17883298.599999335
3532,8602706.0
3533,92989516.79999842
3534,74302279.5
3535,202157515.25
3536,17071414.0
3537,43500565.5
3538,77871005.33333273
3539,89460879.82758516
3540,92989516.79999842
3541,40533285.170730904
3542,22587864.857142348
3543,2085496.0
3544,36601750.485716
3545,2838771.3582089436
3546,2712713.333333317
3547,83732621.2857151
3548,459417313.875
3549,6291020.464967888
3550,90024292.0
3551,219893509.5
3552,156959879.55554858
3553,143988482.600003
3554,177477185.73333627
3555,201247176.0909019
3556,53531443.10869323
3557,13474405.700935075
3558,108259791.2000031
3559,109994465.875
3560,5327875.571428446
3561,89460879.82758516
3562,26436632.756218113
3563,9318038.071428532
3564,2085496.0
3565,5327875.571428446
3566,163317165.5
3567,26436632.756218113
3568,6291020.464967888
3569,177477185.73333627
3570,6291020.464967888
3571,31249969.333334196
3572,170899059.68420556
3573,13474405.700935075
3574,22587864.857142348
3575,26436632.756218113
3576,36601750.485716
3577,13474405.700935075
3578,109994465.875
3579,36601750.485716
3580,2712713.333333317
3581,10628461.666666703
3582,201247176.0909019
3583,2085496.0
3584,40533285.170730904
3585,53531443.10869323
3586,26436632.756218113
3587,2712713.333333317
3588,6291020.464967888
3589,16562463.666667147
3590,30657609.52941135
3591,459417313.875
3592,2085496.0
3593,6291020.464967888
3594,5327875.571428446
3595,13474405.700935075
3596,36601750.485716
3597,13474405.700935075
3598,89460879.82758516
3599,13474405.700935075
3600,13474405.700935075
3601,35092975.33333422
3602,13474405.700935075
3603,26436632.756218113
3604,2838771.3582089436
3605,40533285.170730904
3606,2712713.333333317
3607,8765648.0
3608,108259791.2000031
3609,6291020.464967888
3610,36601750.485716
3611,273767.10000001005
3612,156313594.0
3613,20502036.875
3614,60561102.19999797
3615,26436632.756218113
3616,57552032.0
3617,26436632.756218113
3618,91897414.25
3619,863325.1428571312
3620,124145723.785712
3621,268375714.75
3622,37453114.55555682
3623,170899059.68420556
3624,2838771.3582089436
3625,6291020.464967888
3626,16045970.401099343
3627,37453114.55555682
3628,588839284.625
3629,13474405.700935075
3630,35092975.33333422
3631,170899059.68420556
3632,20502036.875
3633,85875060.71428512
3634,2085496.0
3635,13474405.700935075
3636,40533285.170730904
3637,1397287.3000000184
3638,40533285.170730904
3639,37849109.71428577
3640,268375714.75
3641,2712713.333333317
3642,2712713.333333317
3643,26436632.756218113
3644,26436632.756218113
3645,8414999.123893743
3646,26436632.756218113
3647,30657609.52941135
3648,5327875.571428446
3649,5990138.38235284
3650,74302279.5
3651,239786838.14286664
3652,57552032.0
3653,495768873.33334696
3654,2712713.333333317
3655,46401918.888886884
3656,2712713.333333317
3657,6291020.464967888
3658,6291020.464967888
3659,70200000.0
3660,384895836.59998584
3661,26436632.756218113
3662,31249969.333334196
3663,572354525.0
3664,863325.1428571312
3665,6291020.464967888
3666,13474405.700935075
3667,60561102.19999797
3668,114349606.5
3669,2838771.3582089436
3670,146510307.79999453
3671,57552032.0
3672,13474405.700935075
3673,124207157.75
3674,26436632.756218113
3675,459417313.875
3676,58067231.66666815
3677,9318038.071428532
3678,26436632.756218113
3679,16724701.111110749
3680,1397287.3000000184
3681,36904881.0
3682,83732621.2857151
3683,2838771.3582089436
3684,79884738.69230881
3685,79884738.69230881
3686,9318038.071428532
3687,37849109.71428577
3688,6291020.464967888
3689,2838771.3582089436
3690,79884738.69230881
3691,13474405.700935075
3692,863325.1428571312
3693,59655196.09091097
3694,37453114.55555682
3695,121476029.84615876
3696,26436632.756218113
3697,46401918.888886884
3698,8765648.0
3699,5990138.38235284
3700,6291020.464967888
3701,220014777.5
3702,863325.1428571312
3703,54184469.5
3704,53968710.0
3705,16724701.111110749
3706,143988482.600003
3707,6291020.464967888
3708,13474405.700935075
3709,268375714.75
3710,2712713.333333317
3711,2085496.0
3712,36601750.485716
3713,26436632.756218113
3714,2085496.0
3715,26436632.756218113
3716,6291020.464967888
3717,17967142.33333296
3718,2838771.3582089436
3719,8765648.0
3720,13474405.700935075
3721,2085496.0
3722,53531443.10869323
3723,13474405.700935075
3724,26436632.756218113
3725,57552032.0
3726,2712713.333333317
3727,22904807.25
3728,135237107.0
3729,5990138.38235284
3730,65929346.555557005
3731,202824318.83332953
3732,2085496.0
3733,177477185.73333627
3734,459417313.875
3735,13474405.700935075
3736,26436632.756218113
3737,13474405.700935075
3738,5077006.25
3739,13474405.700935075
3740,10628461.666666703
3741,4236660.857142678
3742,121476029.84615876
3743,97617774.16666509
3744,177477185.73333627
3745,53531443.10869323
3746,108259791.2000031
3747,2838771.3582089436
3748,26436632.756218113
3749,13474405.700935075
3750,2085496.0
3751,26436632.756218113
3752,6374868.125
3753,2712713.333333317
3754,16045970.401099343
3755,53531443.10869323
3756,20502036.875
3757,459417313.875
3758,219893509.5
3759,13474405.700935075
3760,177477185.73333627
3761,30657609.52941135
3762,378545276.25
3763,16724701.111110749
3764,36601750.485716
3765,13474405.700935075
3766,26436632.756218113
3767,13474405.700935075
3768,20502036.875
3769,2085496.0
3770,2712713.333333317
3771,8765648.0
3772,2712713.333333317
3773,26436632.756218113
3774,13474405.700935075
3775,202157515.25
3776,50850301.46153743
3777,6374868.125
3778,2085496.0
3779,2712713.333333317
3780,13474405.700935075
3781,92989516.79999842
3782,863325.1428571312
3783,13196854.0
3784,13474405.700935075
3785,1028570889.0
3786,26436632.756218113
3787,177477185.73333627
3788,588839284.625
3789,2712713.333333317
3790,6291020.464967888
3791,13474405.700935075
3792,2085496.0
3793,2838771.3582089436
3794,1397287.3000000184
3795,442047742.4000155
3796,40533285.170730904
3797,26436632.756218113
3798,40533285.170730904
3799,2712713.333333317
3800,5077006.25
3801,89460879.82758516
3802,13474405.700935075
3803,6291020.464967888
3804,273767.10000001005
3805,273767.10000001005
3806,156959879.55554858
3807,13474405.700935075
3808,13474405.700935075
3809,26436632.756218113
3810,2712713.333333317
3811,2712713.333333317
3812,5990138.38235284
3813,863325.1428571312
3814,11953635.70000044
3815,59655196.09091097
3816,108259791.2000031
3817,85672283.66666628
3818,124145723.785712
3819,109994465.875
3820,53531443.10869323
3821,53531443.10869323
3822,1327989.125
3823,2838771.3582089436
3824,13474405.700935075
3825,2712713.333333317
3826,53531443.10869323
3827,22904807.25
3828,2712713.333333317
3829,273767.10000001005
3830,89460879.82758516
3831,273767.10000001005
3832,124207157.75
3833,22904807.25
3834,20502036.875
3835,13474405.700935075
3836,2838771.3582089436
3837,36601750.485716
3838,85672283.66666628
3839,2712713.333333317
3840,16017877.0
3841,2712713.333333317
3842,5990138.38235284
3843,70386182.0
3844,863325.1428571312
3845,2085496.0
3846,6291020.464967888
3847,13474405.700935075
3848,2712713.333333317
3849,121476029.84615876
3850,26436632.756218113
3851,40533285.170730904
3852,6374868.125
3853,200220807.0
3854,2085496.0
3855,2085496.0
3856,2712713.333333317
3857,1130414203.4443946
3858,2085496.0
3859,2712713.333333317
3860,26436632.756218113
3861,26436632.756218113
3862,5990138.38235284
3863,121476029.84615876
3864,14018888.25
3865,53531443.10869323
3866,13474405.700935075
3867,94720042.75
3868,5990138.38235284
3869,54184469.5
3870,121476029.84615876
3871,1130414203.4443946
3872,16562463.666667147
3873,46401918.888886884
3874,6291020.464967888
3875,53531443.10869323
3876,273767.10000001005
3877,46401918.888886884
3878,211395976.66667116
3879,572354525.0
3880,16724701.111110749
3881,273767.10000001005
3882,150000000.0
3883,6374868.125
3884,303948557.5
3885,5327875.571428446
3886,16045970.401099343
3887,5990138.38235284
3888,36904881.0
3889,85672283.66666628
3890,200220807.0
3891,6291020.464967888
3892,2712713.333333317
3893,459417313.875
3894,114349606.5
3895,46401918.888886884
3896,51333315.066665895
3897,13474405.700935075
3898,36601750.485716
3899,1130414203.4443946
3900,30657609.52941135
3901,35092975.33333422
3902,273767.10000001005
3903,2712713.333333317
3904,16382272.571429254
3905,26436632.756218113
3906,146510307.79999453
3907,5327875.571428446
3908,4284401.5
3909,863325.1428571312
3910,26436632.756218113
3911,273767.10000001005
3912,13474405.700935075
3913,53531443.10869323
3914,26436632.756218113
3915,230468783.428575
3916,2085496.0
3917,2712713.333333317
3918,6291020.464967888
3919,53531443.10869323
3920,22587864.857142348
3921,6291020.464967888
3922,16724701.111110749
3923,36601750.485716
3924,26436632.756218113
3925,309606665.1428636
3926,13474405.700935075
3927,53531443.10869323
3928,50850301.46153743
3929,92989516.79999842
3930,6291020.464967888
3931,13474405.700935075
3932,2712713.333333317
3933,46401918.888886884
3934,89460879.82758516
3935,273767.10000001005
3936,2085496.0
3937,202157515.25
3938,6291020.464967888
3939,40533285.170730904
3940,6374868.125
3941,26436632.756218113
3942,309606665.1428636
3943,1130414203.4443946
3944,2712713.333333317
3945,46401918.888886884
3946,6291020.464967888
3947,51333315.066665895
3948,4284401.5
3949,2712713.333333317
3950,2712713.333333317
3951,5990138.38235284
3952,131668795.28571165
3953,79884738.69230881
3954,459417313.875
3955,20502036.875
3956,124145723.785712
3957,2712713.333333317
3958,2712713.333333317
3959,11953635.70000044
3960,2085496.0
3961,89460879.82758516
3962,2712713.333333317
3963,26436632.756218113
3964,930209058.3999702
3965,202824318.83332953
3966,35003607.97368467
3967,268375714.75
3968,36601750.485716
3969,13474405.700935075
3970,40533285.170730904
3971,13474405.700935075
3972,20502036.875
3973,23671371.09090962
3974,2085496.0
3975,37453114.55555682
3976,124145723.785712
3977,177477185.73333627
3978,58067231.66666815
3979,2838771.3582089436
3980,13474405.700935075
3981,6291020.464967888
3982,5990138.38235284
3983,26436632.756218113
3984,442047742.4000155
3985,2712713.333333317
3986,1130414203.4443946
3987,220014777.5
3988,18774672.57142905
3989,26436632.756218113
3990,46401918.888886884
3991,13474405.700935075
3992,2838771.3582089436
3993,6291020.464967888
3994,51333315.066665895
3995,36601750.485716
3996,56122266.83333199
3997,26436632.756218113
3998,135237107.0
3999,2712713.333333317
4000,37849109.71428577
4001,8690527.0
4002,135237107.0
4003,2085496.0
4004,89460879.82758516
4005,1397287.3000000184
4006,23671371.09090962
4007,2085496.0
4008,13474405.700935075
4009,26436632.756218113
4010,1.0
4011,26436632.756218113
4012,124207157.75
4013,131668795.28571165
4014,6291020.464967888
4015,89460879.82758516
4016,36601750.485716
4017,13474405.700935075
4018,54184469.5
4019,135249593.55554962
4020,13474405.700935075
4021,65929346.555557005
4022,2712713.333333317
4023,124207157.75
4024,57552032.0
4025,13474405.700935075
4026,178731810.875
4027,89460879.82758516
4028,6291020.464967888
4029,273767.10000001005
4030,26436632.756218113
4031,124145723.785712
4032,6291020.464967888
4033,2838771.3582089436
4034,13474405.700935075
4035,53531443.10869323
4036,13474405.700935075
4037,20502036.875
4038,13474405.700935075
4039,2712713.333333317
4040,36904881.0
4041,5327875.571428446
4042,89460879.82758516
4043,6374868.125
4044,79884738.69230881
4045,356830601.0
4046,5990138.38235284
4047,587700281.800022
4048,26436632.756218113
4049,273767.10000001005
4050,13474405.700935075
4051,459417313.875
4052,26436632.756218113
4053,2085496.0
4054,1397287.3000000184
4055,13474405.700935075
4056,26436632.756218113
4057,863325.1428571312
4058,30657609.52941135
4059,6291020.464967888
4060,89460879.82758516
4061,37453114.55555682
4062,36601750.485716
4063,26436632.756218113
4064,239786838.14286664
4065,43500565.5
4066,2712713.333333317
4067,26436632.756218113
4068,2712713.333333317
4069,26436632.756218113
4070,9318038.071428532
4071,156313594.0
4072,2712713.333333317
4073,230468783.428575
4074,43800048.5
4075,26436632.756218113
4076,46401918.888886884
4077,442047742.4000155
4078,13474405.700935075
4079,121476029.84615876
4080,13474405.700935075
4081,6291020.464967888
4082,124207157.75
4083,156959879.55554858
4084,273767.10000001005
4085,13474405.700935075
4086,58067231.66666815
4087,6291020.464967888
4088,46401918.888886884
4089,26436632.756218113
4090,2838771.3582089436
4091,50850301.46153743
4092,40533285.170730904
4093,36601750.485716
4094,9318038.071428532
4095,202157515.25
4096,2712713.333333317
4097,40533285.170730904
4098,13474405.700935075
4099,11953635.70000044
4100,147989643.0
4101,36601750.485716
4102,36904881.0
4103,89460879.82758516
4104,2712713.333333317
4105,273767.10000001005
4106,13474405.700935075
4107,2085496.0
4108,22587864.857142348
4109,2085496.0
4110,26436632.756218113
4111,2085496.0
4112,40533285.170730904
4113,13474405.700935075
4114,442047742.4000155
4115,2838771.3582089436
4116,13474405.700935075
4117,6291020.464967888
4118,46401918.888886884
4119,22904807.25
4120,6291020.464967888
4121,36904881.0
4122,170899059.68420556
4123,13474405.700935075
4124,36601750.485716
4125,26436632.756218113
4126,6291020.464967888
4127,6291020.464967888
4128,13474405.700935075
4129,6291020.464967888
4130,2712713.333333317
4131,102252823.20000255
4132,50850301.46153743
4133,36601750.485716
4134,13474405.700935075
4135,55127022.666667946
4136,588839284.625
4137,11953635.70000044
4138,23671371.09090962
4139,13474405.700935075
4140,2838771.3582089436
4141,36927900.19999862
4142,26436632.756218113
4143,91897414.25
4144,6291020.464967888
4145,10628461.666666703
4146,13474405.700935075
4147,6291020.464967888
4148,26436632.756218113
4149,13474405.700935075
4150,11953635.70000044
4151,863325.1428571312
4152,36601750.485716
4153,10628461.666666703
4154,6291020.464967888
4155,46401918.888886884
4156,26436632.756218113
4157,2838771.3582089436
4158,13474405.700935075
4159,146510307.79999453
4160,588839284.625
4161,2712713.333333317
4162,26436632.756218113
4163,226385470.40000698
4164,26436632.756218113
4165,13474405.700935075
4166,2712713.333333317
4167,85875060.71428512
4168,5990138.38235284
4169,2838771.3582089436
4170,57552032.0
4171,219893509.5
4172,79884738.69230881
4173,2712713.333333317
4174,5990138.38235284
4175,16382272.571429254
4176,11357494.25
4177,273767.10000001005
4178,209154322.0
4179,2712713.333333317
4180,83732621.2857151
4181,70386182.0
4182,36904881.0
4183,206365571.66667074
4184,26436632.756218113
4185,6291020.464967888
4186,20502036.875
4187,26436632.756218113
4188,11357494.25
4189,2838771.3582089436
4190,273767.10000001005
4191,6291020.464967888
4192,273767.10000001005
4193,239786838.14286664
4194,51129061.45454433
4195,2712713.333333317
4196,20502036.875
4197,26436632.756218113
4198,863325.1428571312
4199,13474405.700935075
4200,79884738.69230881
4201,54184469.5
4202,220014777.5
4203,26436632.756218113
4204,147989643.0
4205,13474405.700935075
4206,26436632.756218113
4207,384895836.59998584
4208,735465609.6666751
4209,109994465.875
4210,79884738.69230881
4211,16045970.401099343
4212,930209058.3999702
4213,6374868.125
4214,26436632.756218113
4215,13474405.700935075
4216,2085496.0
4217,5327875.571428446
4218,40533285.170730904
4219,13474405.700935075
4220,26436632.756218113
4221,2085496.0
4222,43800048.5
4223,79884738.69230881
4224,13474405.700935075
4225,26436632.756218113
4226,97617774.16666509
4227,16562463.666667147
4228,273767.10000001005
4229,79884738.69230881
4230,85875060.71428512
4231,6291020.464967888
4232,2712713.333333317
4233,91897414.25
4234,30657609.52941135
4235,2712713.333333317
4236,13474405.700935075
4237,6374868.125
4238,51333315.066665895
4239,230468783.428575
4240,202157515.25
4241,59655196.09091097
4242,9318038.071428532
4243,2838771.3582089436
4244,37849109.71428577
4245,13474405.700935075
4246,13474405.700935075
4247,89460879.82758516
4248,26436632.756218113
4249,22904807.25
4250,16045970.401099343
4251,6291020.464967888
4252,177477185.73333627
4253,349329166.0
4254,46401918.888886884
4255,30657609.52941135
4256,202157515.25
4257,170899059.68420556
4258,22587864.857142348
4259,13474405.700935075
4260,135237107.0
4261,26436632.756218113
4262,1397287.3000000184
4263,2838771.3582089436
4264,459417313.875
4265,2712713.333333317
4266,2712713.333333317
4267,26436632.756218113
4268,20202560.0
4269,26436632.756218113
4270,459417313.875
4271,13196854.0
4272,273767.10000001005
4273,57552032.0
4274,46401918.888886884
4275,20502036.875
4276,26436632.756218113
4277,178731810.875
4278,2712713.333333317
4279,26436632.756218113
4280,2838771.3582089436
4281,2838771.3582089436
4282,30657609.52941135
4283,273767.10000001005
4284,36904881.0
4285,273767.10000001005
4286,587700281.800022
4287,92989516.79999842
4288,54184469.5
4289,50850301.46153743
4290,114349606.5
4291,36904881.0
4292,13474405.700935075
4293,40533285.170730904
4294,43500565.5
4295,202824318.83332953
4296,46401918.888886884
4297,156959879.55554858
4298,6291020.464967888
4299,2712713.333333317
4300,89460879.82758516
4301,2712713.333333317
4302,4284401.5
4303,9318038.071428532
4304,26436632.756218113
4305,30657609.52941135
4306,46401918.888886884
4307,2085496.0
4308,273767.10000001005
4309,89460879.82758516
4310,2085496.0
4311,2085496.0
4312,40533285.170730904
4313,30657609.52941135
4314,13474405.700935075
4315,495768873.33334696
4316,223688215.83332798
4317,2085496.0
4318,46401918.888886884
4319,2085496.0
4320,2712713.333333317
4321,51333315.066665895
4322,6291020.464967888
4323,36904881.0
4324,2712713.333333317
4325,13474405.700935075
4326,2712713.333333317
4327,59655196.09091097
4328,2712713.333333317
4329,1.0
4330,1130414203.4443946
4331,46401918.888886884
4332,85875060.71428512
4333,13474405.700935075
4334,51129061.45454433
4335,65929346.555557005
4336,36601750.485716
4337,2085496.0
4338,124207157.75
4339,219893509.5
4340,26436632.756218113
4341,26436632.756218113
4342,13474405.700935075
4343,46401918.888886884
4344,6374868.125
4345,2085496.0
4346,51333315.066665895
4347,54184469.5
4348,2838771.3582089436
4349,108259791.2000031
4350,36904881.0
4351,442047742.4000155
4352,8069669.333333563
4353,219893509.5
4354,36601750.485716
4355,26436632.756218113
4356,2712713.333333317
4357,85672283.66666628
4358,13474405.700935075
4359,28817179.71428637
4360,51333315.066665895
4361,79884738.69230881
4362,13474405.700935075
4363,65929346.555557005
4364,147989643.0
4365,6291020.464967888
4366,46401918.888886884
4367,26436632.756218113
4368,51129061.45454433
4369,46401918.888886884
4370,60561102.19999797
4371,356830601.0
4372,16045970.401099343
4373,2712713.333333317
4374,26436632.756218113
4375,6291020.464967888
4376,273767.10000001005
4377,20502036.875
4378,56122266.83333199
4379,51129061.45454433
4380,53531443.10869323
4381,50850301.46153743
4382,239786838.14286664
4383,177477185.73333627
4384,40533285.170730904
4385,2085496.0
4386,201247176.0909019
4387,56122266.83333199
4388,178731810.875
4389,177477185.73333627
4390,5327875.571428446
4391,2838771.3582089436
4392,170899059.68420556
4393,56122266.83333199
4394,23671371.09090962
4395,2712713.333333317
4396,85875060.71428512
4397,20502036.875
4398,170899059.68420556
4399,2838771.3582089436
4400,6291020.464967888
4401,2712713.333333317
4402,26436632.756218113
4403,36601750.485716
4404,46401918.888886884
4405,26436632.756218113
4406,6291020.464967888
4407,6291020.464967888
4408,13474405.700935075
4409,863325.1428571312
4410,13474405.700935075
4411,4236660.857142678
4412,124145723.785712
4413,37453114.55555682
4414,2838771.3582089436
4415,2712713.333333317
4416,13474405.700935075
4417,211395976.66667116
4418,2085496.0
4419,13196854.0
4420,588839284.625
4421,6374868.125
4422,2712713.333333317
4423,2712713.333333317
4424,2838771.3582089436
4425,109994465.875
4426,85672283.66666628
4427,178731810.875
4428,6291020.464967888
4429,5077006.25
4430,6291020.464967888
4431,43800048.5
4432,124207157.75
4433,572354525.0
4434,239786838.14286664
4435,26436632.756218113
4436,16562463.666667147
4437,2712713.333333317
4438,6291020.464967888
4439,26436632.756218113
4440,5990138.38235284
4441,8765648.0
4442,6374868.125
4443,273767.10000001005
4444,36904881.0
4445,2838771.3582089436
4446,13474405.700935075
4447,79884738.69230881
4448,10628461.666666703
4449,6291020.464967888
4450,83732621.2857151
4451,588839284.625
4452,26436632.756218113
4453,6291020.464967888
4454,273767.10000001005
4455,2838771.3582089436
4456,94720042.75
4457,6374868.125
4458,2838771.3582089436
4459,156959879.55554858
4460,2712713.333333317
4461,121476029.84615876
4462,53531443.10869323
4463,6291020.464967888
4464,89460879.82758516
4465,8414999.123893743
4466,2085496.0
4467,26436632.756218113
4468,150000000.0
4469,10628461.666666703
4470,36601750.485716
4471,2085496.0
4472,124145723.785712
4473,2712713.333333317
4474,2712713.333333317
4475,6374868.125
4476,1.0
4477,16045970.401099343
4478,6374868.125
4479,5990138.38235284
4480,59655196.09091097
4481,9318038.071428532
4482,2712713.333333317
4483,2712713.333333317
4484,6291020.464967888
4485,92989516.79999842
4486,28817179.71428637
4487,26436632.756218113
4488,79884738.69230881
4489,16045970.401099343
4490,43800048.5
4491,219893509.5
4492,16382272.571429254
4493,2712713.333333317
4494,26436632.756218113
4495,26436632.756218113
4496,26436632.756218113
4497,2712713.333333317
4498,70386182.0
4499,13474405.700935075
4500,37453114.55555682
4501,50850301.46153743
4502,13474405.700935075
4503,268375714.75
4504,13474405.700935075
4505,2712713.333333317
4506,121476029.84615876
4507,6291020.464967888
4508,6374868.125
4509,13474405.700935075
4510,6291020.464967888
4511,177477185.73333627
4512,1.0
4513,31249969.333334196
4514,13474405.700935075
4515,239786838.14286664
4516,5990138.38235284
4517,16724701.111110749
4518,83732621.2857151
4519,53531443.10869323
4520,6291020.464967888
4521,26436632.756218113
4522,53531443.10869323
4523,26436632.756218113
4524,6291020.464967888
4525,2712713.333333317
4526,36904881.0
4527,178731810.875
4528,2712713.333333317
4529,13474405.700935075
4530,26436632.756218113
4531,13474405.700935075
4532,26436632.756218113
4533,40533285.170730904
4534,6291020.464967888
4535,79884738.69230881
4536,13474405.700935075
4537,6291020.464967888
4538,46401918.888886884
4539,2085496.0
4540,211395976.66667116
4541,13474405.700935075
4542,53968710.0
4543,89460879.82758516
4544,13474405.700935075
4545,13474405.700935075
4546,6291020.464967888
4547,6291020.464967888
4548,2712713.333333317
4549,2085496.0
4550,2712713.333333317
4551,1130414203.4443946
4552,59655196.09091097
4553,13474405.700935075
4554,588839284.625
4555,13474405.700935075
4556,36601750.485716
4557,2712713.333333317
4558,26436632.756218113
4559,46401918.888886884
4560,37453114.55555682
4561,26436632.756218113
4562,11953635.70000044
4563,442047742.4000155
4564,2085496.0
4565,2085496.0
4566,46401918.888886884
4567,121476029.84615876
4568,13474405.700935075
4569,11357494.25
4570,26436632.756218113
4571,6374868.125
4572,36601750.485716
4573,8765648.0
4574,863325.1428571312
4575,13474405.700935075
4576,26436632.756218113
4577,2712713.333333317
4578,16045970.401099343
4579,2712713.333333317
4580,40533285.170730904
4581,6291020.464967888
4582,85875060.71428512
4583,226385470.40000698
4584,2712713.333333317
4585,170899059.68420556
4586,2712713.333333317
4587,2712713.333333317
4588,177477185.73333627
4589,2712713.333333317
4590,1130414203.4443946
4591,35003607.97368467
4592,6291020.464967888
4593,273767.10000001005
4594,26436632.756218113
4595,572354525.0
4596,459417313.875
4597,26436632.756218113
4598,102252823.20000255
4599,26436632.756218113
4600,6291020.464967888
4601,85875060.71428512
4602,26436632.756218113
4603,8414999.123893743
4604,40533285.170730904
4605,226385470.40000698
4606,58067231.66666815
4607,26436632.756218113
4608,20502036.875
4609,13474405.700935075
4610,124207157.75
4611,85672283.66666628
4612,26436632.756218113
4613,46401918.888886884
4614,2712713.333333317
4615,13474405.700935075
4616,2085496.0
4617,89460879.82758516
4618,2838771.3582089436
4619,5990138.38235284
4620,16382272.571429254
4621,384895836.59998584
4622,2712713.333333317
4623,156313594.0
4624,2085496.0
4625,26436632.756218113
4626,5990138.38235284
4627,36927900.19999862
4628,2712713.333333317
4629,2838771.3582089436
4630,5990138.38235284
4631,25895031.0
4632,13474405.700935075
4633,43800048.5
4634,2085496.0
4635,6291020.464967888
4636,65929346.555557005
4637,2838771.3582089436
4638,26436632.756218113
4639,273767.10000001005
4640,16045970.401099343
4641,5327875.571428446
4642,13474405.700935075
4643,13196854.0
4644,6291020.464967888
4645,36904881.0
4646,1130414203.4443946
4647,6291020.464967888
4648,6291020.464967888
4649,200220807.0
4650,131668795.28571165
4651,30657609.52941135
4652,588839284.625
4653,2085496.0
4654,53531443.10869323
4655,121476029.84615876
4656,26436632.756218113
4657,2712713.333333317
4658,26436632.756218113
4659,36904881.0
4660,2712713.333333317
4661,36927900.19999862
4662,13474405.700935075
4663,2712713.333333317
4664,13474405.700935075
4665,36601750.485716
4666,8765648.0
4667,211395976.66667116
4668,2085496.0
4669,2712713.333333317
4670,26436632.756218113
4671,5990138.38235284
4672,6291020.464967888
4673,18774672.57142905
4674,6291020.464967888
4675,17071414.0
4676,13474405.700935075
4677,273767.10000001005
4678,13474405.700935075
4679,863325.1428571312
4680,13474405.700935075
4681,46401918.888886884
4682,6291020.464967888
4683,2085496.0
4684,13474405.700935075
4685,23671371.09090962
4686,6291020.464967888
4687,26436632.756218113
4688,102252823.20000255
4689,2712713.333333317
4690,2712713.333333317
4691,26436632.756218113
4692,2712713.333333317
4693,2712713.333333317
4694,13474405.700935075
4695,46401918.888886884
4696,2712713.333333317
4697,124145723.785712
4698,6291020.464967888
4699,2838771.3582089436
4700,170899059.68420556
4701,177477185.73333627
4702,26436632.756218113
4703,2712713.333333317
4704,178731810.875
4705,46401918.888886884
4706,89460879.82758516
4707,2476913.942028999
4708,13474405.700935075
4709,273767.10000001005
4710,239786838.14286664
4711,26436632.756218113
4712,6291020.464967888
4713,177477185.73333627
4714,35092975.33333422
4715,863325.1428571312
4716,13474405.700935075
4717,26436632.756218113
4718,26436632.756218113
4719,226385470.40000698
4720,2712713.333333317
4721,6374868.125
4722,53531443.10869323
4723,13474405.700935075
4724,102252823.20000255
4725,13474405.700935075
4726,6291020.464967888
4727,36927900.19999862
4728,26436632.756218113
4729,50850301.46153743
4730,2085496.0
4731,26436632.756218113
4732,135249593.55554962
4733,2838771.3582089436
4734,202157515.25
4735,36601750.485716
4736,2712713.333333317
4737,36601750.485716
4738,2838771.3582089436
4739,53531443.10869323
4740,1028570889.0
4741,2838771.3582089436
4742,60561102.19999797
4743,1.0
4744,6291020.464967888
4745,588839284.625
4746,89460879.82758516
4747,9318038.071428532
4748,65929346.555557005
4749,2838771.3582089436
4750,2712713.333333317
4751,17883298.599999335
4752,2712713.333333317
4753,13474405.700935075
4754,1028570889.0
4755,2712713.333333317
4756,40533285.170730904
4757,170899059.68420556
4758,51129061.45454433
4759,459417313.875
4760,273767.10000001005
4761,13474405.700935075
4762,6291020.464967888
4763,2838771.3582089436
4764,459417313.875
4765,26436632.756218113
4766,124207157.75
4767,70386182.0
4768,65929346.555557005
4769,46401918.888886884
4770,124145723.785712
4771,356830601.0
4772,26436632.756218113
4773,13474405.700935075
4774,13474405.700935075
4775,2085496.0
4776,2085496.0
4777,202157515.25
4778,54184469.5
4779,2712713.333333317
4780,442047742.4000155
4781,2085496.0
4782,31249969.333334196
4783,13474405.700935075
4784,13474405.700935075
4785,26436632.756218113
4786,53531443.10869323
4787,53531443.10869323
4788,85672283.66666628
4789,13474405.700935075
4790,349329166.0
4791,10628461.666666703
4792,13474405.700935075
4793,26436632.756218113
4794,36904881.0
4795,2712713.333333317
4796,36904881.0
4797,735465609.6666751
4798,54184469.5
4799,109994465.875
4800,46401918.888886884
4801,6291020.464967888
4802,46401918.888886884
4803,13474405.700935075
4804,2712713.333333317
4805,6291020.464967888
4806,5990138.38235284
4807,863325.1428571312
4808,2712713.333333317
4809,91158649.5
4810,273767.10000001005
4811,13474405.700935075
4812,201247176.0909019
4813,65929346.555557005
4814,6291020.464967888
4815,26436632.756218113
4816,26436632.756218113
4817,16382272.571429254
4818,13196854.0
4819,6291020.464967888
4820,44139291.333333
4821,5327875.571428446
4822,2085496.0
4823,2712713.333333317
4824,46401918.888886884
4825,30657609.52941135
4826,2712713.333333317
4827,85875060.71428512
4828,36601750.485716
4829,23671371.09090962
4830,109994465.875
4831,16045970.401099343
4832,6374868.125
4833,13474405.700935075
4834,2712713.333333317
4835,156959879.55554858
4836,2712713.333333317
4837,230468783.428575
4838,46401918.888886884
4839,273767.10000001005
4840,459417313.875
4841,273767.10000001005
4842,79884738.69230881
4843,202824318.83332953
4844,2838771.3582089436
4845,26436632.756218113
4846,36904881.0
4847,588839284.625
4848,46401918.888886884
4849,230468783.428575
4850,20502036.875
4851,273767.10000001005
4852,5990138.38235284
4853,219893509.5
4854,2712713.333333317
4855,124145723.785712
4856,2712713.333333317
4857,16045970.401099343
4858,22587864.857142348
4859,2712713.333333317
4860,587700281.800022
4861,177477185.73333627
4862,206365571.66667074
4863,135249593.55554962
4864,85875060.71428512
4865,16045970.401099343
4866,2712713.333333317
4867,121476029.84615876
4868,5990138.38235284
4869,6374868.125
4870,20202560.0
4871,26436632.756218113
4872,2838771.3582089436
4873,26436632.756218113
4874,53531443.10869323
4875,156313594.0
4876,31249969.333334196
4877,40533285.170730904
4878,10628461.666666703
4879,36601750.485716
4880,18774672.57142905
4881,6291020.464967888
4882,16724701.111110749
4883,54184469.5
4884,79884738.69230881
4885,2712713.333333317
4886,26436632.756218113
4887,6291020.464967888
4888,2712713.333333317
4889,11953635.70000044
4890,114349606.5
4891,6291020.464967888
4892,2838771.3582089436
4893,349329166.0
4894,36904881.0
4895,2712713.333333317
4896,143988482.600003
4897,6374868.125
4898,177477185.73333627
4899,37453114.55555682
4900,83732621.2857151
4901,114349606.5
4902,2712713.333333317
4903,2712713.333333317
4904,268375714.75
4905,26436632.756218113
4906,2085496.0
4907,735465609.6666751
4908,16045970.401099343
4909,211395976.66667116
4910,40533285.170730904
4911,26436632.756218113
4912,65929346.555557005
4913,26436632.756218113
4914,53531443.10869323
4915,53531443.10869323
4916,2712713.333333317
4917,13474405.700935075
4918,108259791.2000031
4919,16045970.401099343
4920,46401918.888886884
4921,121476029.84615876
4922,2712713.333333317
4923,2712713.333333317
4924,211395976.66667116
4925,177477185.73333627
4926,6291020.464967888
4927,26436632.756218113
4928,26436632.756218113
4929,10628461.666666703
4930,2712713.333333317
4931,8414999.123893743
4932,6291020.464967888
4933,114349606.5
4934,863325.1428571312
4935,536692292.75
4936,2712713.333333317
4937,6291020.464967888
4938,2712713.333333317
4939,6291020.464967888
4940,2712713.333333317
4941,44139291.333333
4942,13474405.700935075
4943,53531443.10869323
4944,114349606.5
4945,13474405.700935075
4946,5990138.38235284
4947,863325.1428571312
4948,13474405.700935075
4949,26436632.756218113
4950,23671371.09090962
4951,92989516.79999842
4952,16045970.401099343
4953,211395976.66667116
4954,70386182.0
4955,13474405.700935075
4956,2712713.333333317
4957,46401918.888886884
4958,13474405.700935075
4959,17071414.0
4960,6291020.464967888
4961,79884738.69230881
4962,13474405.700935075
4963,16724701.111110749
4964,57552032.0
4965,1.0
4966,35092975.33333422
4967,89460879.82758516
4968,22587864.857142348
4969,273767.10000001005
4970,2838771.3582089436
4971,79884738.69230881
4972,26436632.756218113
4973,2712713.333333317
4974,124145723.785712
4975,2712713.333333317
4976,13474405.700935075
4977,89460879.82758516
4978,2085496.0
4979,26436632.756218113
4980,8765648.0
4981,2712713.333333317
4982,51129061.45454433
4983,6291020.464967888
4984,163317165.5
4985,135249593.55554962
4986,6291020.464967888
4987,5327875.571428446
4988,6374868.125
4989,92989516.79999842
4990,6291020.464967888
4991,26436632.756218113
4992,202157515.25
4993,2712713.333333317
4994,121476029.84615876
4995,2838771.3582089436
4996,26436632.756218113
4997,8765648.0
4998,26436632.756218113
4999,89460879.82758516
5000,102252823.20000255
5001,223688215.83332798
5002,135249593.55554962
5003,163317165.5
5004,46401918.888886884
5005,26436632.756218113
5006,459417313.875
5007,40533285.170730904
5008,459417313.875
5009,26436632.756218113
5010,6291020.464967888
5011,18774672.57142905
5012,94720042.75
5013,57552032.0
5014,40533285.170730904
5015,20502036.875
5016,121476029.84615876
5017,26436632.756218113
5018,26436632.756218113
5019,89460879.82758516
5020,10628461.666666703
5021,863325.1428571312
5022,26436632.756218113
5023,2712713.333333317
5024,53531443.10869323
5025,6291020.464967888
5026,83732621.2857151
5027,22904807.25
5028,30657609.52941135
5029,79884738.69230881
5030,26436632.756218113
5031,6374868.125
5032,170899059.68420556
5033,2838771.3582089436
5034,2476913.942028999
5035,273767.10000001005
5036,5990138.38235284
5037,35003607.97368467
5038,268375714.75
5039,13474405.700935075
5040,114349606.5
5041,26436632.756218113
5042,2712713.333333317
5043,36601750.485716
5044,619694367.448125
5045,2712713.333333317
5046,13474405.700935075
5047,6291020.464967888
5048,863325.1428571312
5049,50850301.46153743
5050,6291020.464967888
5051,239786838.14286664
5052,177477185.73333627
5053,22587864.857142348
5054,13196854.0
5055,20502036.875
5056,13474405.700935075
5057,2712713.333333317
5058,16724701.111110749
5059,26436632.756218113
5060,51129061.45454433
5061,8765648.0
5062,2085496.0
5063,273767.10000001005
5064,85875060.71428512
5065,26436632.756218113
5066,8690527.0
5067,14018888.25
5068,26436632.756218113
5069,53531443.10869323
5070,57552032.0
5071,43500565.5
5072,54184469.5
5073,13474405.700935075
5074,13474405.700935075
5075,18774672.57142905
5076,16045970.401099343
5077,170899059.68420556
5078,13474405.700935075
5079,6291020.464967888
5080,79884738.69230881
5081,37849109.71428577
5082,13474405.700935075
5083,6374868.125
5084,6291020.464967888
5085,863325.1428571312
5086,2838771.3582089436
5087,6291020.464967888
5088,13474405.700935075
5089,2712713.333333317
5090,13474405.700935075
5091,26436632.756218113
5092,46401918.888886884
5093,31249969.333334196
5094,59655196.09091097
5095,170899059.68420556
5096,40533285.170730904
5097,863325.1428571312
5098,4284401.5
5099,4284401.5
5100,2712713.333333317
5101,863325.1428571312
5102,2712713.333333317
5103,6291020.464967888
5104,85875060.71428512
5105,2712713.333333317
5106,13474405.700935075
5107,2712713.333333317
5108,8414999.123893743
5109,863325.1428571312
5110,57552032.0
5111,121476029.84615876
5112,26436632.756218113
5113,273767.10000001005
5114,20502036.875
5115,13474405.700935075
5116,6291020.464967888
5117,135249593.55554962
5118,44139291.333333
5119,1397287.3000000184
5120,2085496.0
5121,89460879.82758516
5122,26436632.756218113
5123,2712713.333333317
5124,6291020.464967888
5125,13474405.700935075
5126,26436632.756218113
5127,77871005.33333273
5128,273767.10000001005
5129,863325.1428571312
5130,13196854.0
5131,26436632.756218113
5132,36601750.485716
5133,51129061.45454433
5134,79884738.69230881
5135,124207157.75
5136,2712713.333333317
5137,51333315.066665895
5138,16382272.571429254
5139,124207157.75
5140,59655196.09091097
5141,85875060.71428512
5142,177477185.73333627
5143,147989643.0
5144,53531443.10869323
5145,5990138.38235284
5146,6291020.464967888
5147,6291020.464967888
5148,40533285.170730904
5149,13474405.700935075
5150,1028570889.0
5151,459417313.875
5152,79884738.69230881
5153,2712713.333333317
5154,36601750.485716
5155,1397287.3000000184
5156,733002394.0735625
5157,10628461.666666703
5158,6374868.125
5159,65929346.555557005
5160,26436632.756218113
5161,26436632.756218113
5162,124145723.785712
5163,303948557.5
5164,2838771.3582089436
5165,37453114.55555682
5166,202824318.83332953
5167,2838771.3582089436
5168,2712713.333333317
5169,13474405.700935075
5170,156959879.55554858
5171,83732621.2857151
5172,13474405.700935075
5173,124145723.785712
5174,124145723.785712
5175,6374868.125
5176,4284401.5
5177,37453114.55555682
5178,1130414203.4443946
5179,2838771.3582089436
5180,13474405.700935075
5181,273767.10000001005
5182,31249969.333334196
5183,6291020.464967888
5184,5990138.38235284
5185,150000000.0
5186,2712713.333333317
5187,2838771.3582089436
5188,36904881.0
5189,26436632.756218113
5190,619694367.448125
5191,30657609.52941135
5192,124145723.785712
5193,60561102.19999797
5194,146510307.79999453
5195,202157515.25
5196,46401918.888886884
5197,56122266.83333199
5198,85875060.71428512
5199,13474405.700935075
5200,36904881.0
5201,26436632.756218113
5202,6291020.464967888
5203,6291020.464967888
5204,2838771.3582089436
5205,2838771.3582089436
5206,26436632.756218113
5207,13474405.700935075
5208,16562463.666667147
5209,200220807.0
5210,22587864.857142348
5211,26436632.756218113
5212,5990138.38235284
5213,28817179.71428637
5214,273767.10000001005
5215,2712713.333333317
5216,17883298.599999335
5217,4284401.5
5218,26436632.756218113
5219,9318038.071428532
5220,53531443.10869323
5221,2085496.0
5222,13474405.700935075
5223,143988482.600003
5224,273767.10000001005
5225,2085496.0
5226,89460879.82758516
5227,6291020.464967888
5228,46401918.888886884
5229,226385470.40000698
5230,13474405.700935075
5231,2712713.333333317
5232,2085496.0
5233,2085496.0
5234,146510307.79999453
5235,36601750.485716
5236,177477185.73333627
5237,177477185.73333627
5238,5990138.38235284
5239,40533285.170730904
5240,178731810.875
5241,46401918.888886884
5242,30657609.52941135
5243,2085496.0
5244,79884738.69230881
5245,2712713.333333317
5246,2712713.333333317
5247,37453114.55555682
5248,13474405.700935075
5249,36601750.485716
5250,170899059.68420556
5251,2712713.333333317
5252,273767.10000001005
5253,2838771.3582089436
5254,6291020.464967888
5255,65929346.555557005
5256,109994465.875
5257,2712713.333333317
5258,2712713.333333317
5259,124145723.785712
5260,13474405.700935075
5261,14018888.25
5262,6291020.464967888
5263,26436632.756218113
5264,13474405.700935075
5265,30657609.52941135
5266,40533285.170730904
5267,13474405.700935075
5268,13474405.700935075
5269,151545639.5
5270,30657609.52941135
5271,5990138.38235284
5272,53531443.10869323
5273,2085496.0
5274,85875060.71428512
5275,2712713.333333317
5276,57552032.0
5277,6291020.464967888
5278,13474405.700935075
5279,16724701.111110749
5280,43800048.5
5281,35092975.33333422
5282,9318038.071428532
5283,13474405.700935075
5284,13474405.700935075
5285,131668795.28571165
5286,2712713.333333317
5287,13474405.700935075
5288,5327875.571428446
5289,85672283.66666628
5290,177477185.73333627
5291,90024292.0
5292,190982245.66666943
5293,177477185.73333627
5294,2838771.3582089436
5295,536692292.75
5296,2085496.0
5297,50850301.46153743
5298,51129061.45454433
5299,6291020.464967888
5300,13474405.700935075
5301,13474405.700935075
5302,146510307.79999453
5303,6291020.464967888
5304,26436632.756218113
5305,6374868.125
5306,30657609.52941135
5307,223688215.83332798
5308,273767.10000001005
5309,6291020.464967888
5310,121476029.84615876
5311,6291020.464967888
5312,177477185.73333627
5313,588839284.625
5314,53531443.10869323
5315,6291020.464967888
5316,46401918.888886884
5317,2712713.333333317
5318,13474405.700935075
5319,109994465.875
5320,40533285.170730904
5321,16045970.401099343
5322,273767.10000001005
5323,442047742.4000155
5324,26436632.756218113
5325,13474405.700935075
5326,26436632.756218113
5327,121476029.84615876
5328,26436632.756218113
5329,2838771.3582089436
5330,177477185.73333627
5331,6291020.464967888
5332,2085496.0
5333,85875060.71428512
5334,36601750.485716
5335,13474405.700935075
5336,26436632.756218113
5337,6291020.464967888
5338,46401918.888886884
5339,26436632.756218113
5340,2712713.333333317
5341,50850301.46153743
5342,223688215.83332798
5343,26436632.756218113
5344,51129061.45454433
5345,2085496.0
5346,53968710.0
5347,13474405.700935075
5348,26436632.756218113
5349,6291020.464967888
5350,2085496.0
5351,60561102.19999797
5352,36904881.0
5353,1327989.125
5354,28817179.71428637
5355,94720042.75
5356,2712713.333333317
5357,2838771.3582089436
5358,143988482.600003
5359,109994465.875
5360,60561102.19999797
5361,2712713.333333317
5362,2838771.3582089436
5363,16045970.401099343
5364,2085496.0
5365,89460879.82758516
5366,108259791.2000031
5367,131668795.28571165
5368,4236660.857142678
5369,135249593.55554962
5370,22904807.25
5371,16045970.401099343
5372,587700281.800022
5373,26436632.756218113
5374,349329166.0
5375,65929346.555557005
5376,108259791.2000031
5377,16724701.111110749
5378,2085496.0
5379,16562463.666667147
5380,53531443.10869323
5381,65929346.555557005
5382,53531443.10869323
5383,863325.1428571312
5384,230468783.428575
5385,51129061.45454433
5386,57552032.0
5387,6291020.464967888
5388,230468783.428575
5389,20502036.875
5390,10628461.666666703
5391,40533285.170730904
5392,863325.1428571312
5393,2712713.333333317
5394,46401918.888886884
5395,2712713.333333317
5396,85672283.66666628
5397,6374868.125
5398,16724701.111110749
5399,273767.10000001005
5400,13474405.700935075
5401,59655196.09091097
5402,53531443.10869323
5403,17883298.599999335
5404,2085496.0
5405,53968710.0
5406,2085496.0
5407,268375714.75
5408,1028570889.0
5409,50850301.46153743
5410,6291020.464967888
5411,22587864.857142348
5412,863325.1428571312
5413,13474405.700935075
5414,201247176.0909019
5415,85875060.71428512
5416,46401918.888886884
5417,201247176.0909019
5418,6291020.464967888
5419,2085496.0
5420,46401918.888886884
5421,28817179.71428637
5422,201247176.0909019
5423,108259791.2000031
5424,102252823.20000255
5425,46401918.888886884
5426,16724701.111110749
5427,6291020.464967888
5428,9318038.071428532
5429,114349606.5
5430,177477185.73333627
5431,46401918.888886884
5432,211395976.66667116
5433,9318038.071428532
5434,89460879.82758516
5435,2712713.333333317
5436,46401918.888886884
5437,23671371.09090962
5438,20502036.875
5439,6291020.464967888
5440,89460879.82758516
5441,2712713.333333317
5442,170899059.68420556
5443,124145723.785712
5444,89460879.82758516
5445,89460879.82758516
5446,200220807.0
5447,26436632.756218113
5448,2838771.3582089436
5449,124145723.785712
5450,2712713.333333317
5451,26436632.756218113
5452,2085496.0
5453,572354525.0
5454,121476029.84615876
5455,6291020.464967888
5456,2838771.3582089436
5457,31249969.333334196
5458,2712713.333333317
5459,4284401.5
5460,2085496.0
5461,273767.10000001005
5462,2085496.0
5463,1130414203.4443946
5464,13474405.700935075
5465,46401918.888886884
5466,109994465.875
5467,30657609.52941135
5468,83732621.2857151
5469,6291020.464967888
5470,239786838.14286664
5471,219893509.5
5472,114349606.5
5473,26436632.756218113
5474,36601750.485716
5475,13196854.0
5476,18774672.57142905
5477,13474405.700935075
5478,56122266.83333199
5479,79884738.69230881
5480,26436632.756218113
5481,2712713.333333317
5482,40533285.170730904
5483,26436632.756218113
5484,60561102.19999797
5485,13474405.700935075
5486,2712713.333333317
5487,608850908.801875
5488,89460879.82758516
5489,13196854.0
5490,16382272.571429254
5491,85672283.66666628
5492,26436632.756218113
5493,26436632.756218113
5494,273767.10000001005
5495,92989516.79999842
5496,10628461.666666703
5497,40533285.170730904
5498,11953635.70000044
5499,124145723.785712
5500,40533285.170730904
5501,2712713.333333317
5502,2712713.333333317
5503,4236660.857142678
5504,109994465.875
5505,13474405.700935075
5506,588839284.625
5507,26436632.756218113
5508,177477185.73333627
5509,135237107.0
5510,26436632.756218113
5511,13474405.700935075
5512,121476029.84615876
5513,2085496.0
5514,22587864.857142348
5515,6374868.125
5516,863325.1428571312
5517,239786838.14286664
5518,26436632.756218113
5519,230468783.428575
5520,43800048.5
5521,26436632.756218113
5522,863325.1428571312
5523,268375714.75
5524,733002394.0735625
5525,46401918.888886884
5526,26436632.756218113
5527,1397287.3000000184
5528,114349606.5
5529,2838771.3582089436
5530,268375714.75
5531,6291020.464967888
5532,20502036.875
5533,114349606.5
5534,459417313.875
5535,6291020.464967888
5536,2838771.3582089436
5537,5990138.38235284
5538,9318038.071428532
5539,124207157.75
5540,26436632.756218113
5541,124207157.75
5542,2838771.3582089436
5543,26436632.756218113
5544,28817179.71428637
5545,863325.1428571312
5546,2712713.333333317
5547,20502036.875
5548,5327875.571428446
5549,51333315.066665895
5550,22904807.25
5551,5990138.38235284
5552,54184469.5
5553,53531443.10869323
5554,2712713.333333317
5555,40533285.170730904
5556,26436632.756218113
5557,5990138.38235284
5558,588839284.625
5559,13474405.700935075
5560,6291020.464967888
5561,13474405.700935075
5562,36601750.485716
5563,863325.1428571312
5564,11953635.70000044
5565,9318038.071428532
5566,6291020.464967888
5567,2712713.333333317
5568,26436632.756218113
5569,53531443.10869323
5570,46401918.888886884
5571,51129061.45454433
5572,2085496.0
5573,170899059.68420556
5574,57552032.0
5575,201247176.0909019
5576,36601750.485716
5577,36601750.485716
5578,2712713.333333317
5579,6291020.464967888
5580,6291020.464967888
5581,36601750.485716
5582,46401918.888886884
5583,46401918.888886884
5584,26436632.756218113
5585,16724701.111110749
5586,2085496.0
5587,26436632.756218113
5588,230468783.428575
5589,124145723.785712
5590,35092975.33333422
5591,30657609.52941135
5592,6374868.125
5593,40533285.170730904
5594,6291020.464967888
5595,40533285.170730904
5596,170899059.68420556
5597,36904881.0
5598,4750000.0
5599,5990138.38235284
5600,6291020.464967888
5601,36601750.485716
5602,201247176.0909019
5603,25895031.0
5604,9318038.071428532
5605,102252823.20000255
5606,124145723.785712
5607,8602706.0
5608,79884738.69230881
5609,20502036.875
5610,46401918.888886884
5611,36601750.485716
5612,1028570889.0
5613,5990138.38235284
5614,26436632.756218113
5615,53531443.10869323
5616,2712713.333333317
5617,239786838.14286664
5618,36601750.485716
5619,53531443.10869323
5620,2712713.333333317
5621,53531443.10869323
5622,2712713.333333317
5623,92989516.79999842
5624,587700281.800022
5625,2085496.0
5626,13474405.700935075
5627,349329166.0
5628,36601750.485716
5629,202157515.25
5630,2712713.333333317
5631,53531443.10869323
5632,56122266.83333199
5633,26436632.756218113
5634,74302279.5
5635,53531443.10869323
5636,6291020.464967888
5637,2712713.333333317
5638,124145723.785712
5639,2712713.333333317
5640,6291020.464967888
5641,89460879.82758516
5642,26436632.756218113
5643,2712713.333333317
5644,90024292.0
5645,135237107.0
5646,4284401.5
5647,36904881.0
5648,79884738.69230881
5649,13474405.700935075
5650,177477185.73333627
5651,36601750.485716
5652,6291020.464967888
5653,211395976.66667116
5654,53531443.10869323
5655,349329166.0
5656,536692292.75
5657,36904881.0
5658,2712713.333333317
5659,40533285.170730904
5660,50850301.46153743
5661,2712713.333333317
5662,384895836.59998584
5663,26436632.756218113
5664,2712713.333333317
5665,53531443.10869323
5666,16724701.111110749
5667,36927900.19999862
5668,13474405.700935075
5669,13474405.700935075
5670,587700281.800022
5671,46401918.888886884
5672,36904881.0
5673,59655196.09091097
5674,26436632.756218113
5675,863325.1428571312
5676,5077006.25
5677,349329166.0
5678,124145723.785712
5679,2838771.3582089436
5680,40533285.170730904
5681,1130414203.4443946
5682,6291020.464967888
5683,588839284.625
5684,79884738.69230881
5685,57552032.0
5686,5077006.25
5687,65929346.555557005
5688,40533285.170730904
5689,26436632.756218113
5690,5327875.571428446
5691,17883298.599999335
5692,459417313.875
5693,163317165.5
5694,91897414.25
5695,2712713.333333317
5696,36601750.485716
5697,273767.10000001005
5698,6374868.125
5699,2085496.0
5700,65929346.555557005
5701,2712713.333333317
5702,46401918.888886884
5703,146510307.79999453
5704,143988482.600003
5705,22587864.857142348
5706,863325.1428571312
5707,91897414.25
5708,2712713.333333317
5709,11953635.70000044
5710,5990138.38235284
5711,9318038.071428532
5712,50850301.46153743
5713,13474405.700935075
5714,2712713.333333317
5715,6374868.125
5716,6291020.464967888
5717,13474405.700935075
5718,13474405.700935075
5719,36601750.485716
5720,26436632.756218113
5721,121476029.84615876
5722,13474405.700935075
5723,58067231.66666815
5724,6291020.464967888
5725,863325.1428571312
5726,65929346.555557005
5727,177477185.73333627
5728,2712713.333333317
5729,177477185.73333627
5730,13474405.700935075
5731,2085496.0
5732,6291020.464967888
5733,6374868.125
5734,16045970.401099343
5735,2712713.333333317
5736,53531443.10869323
5737,37849109.71428577
5738,53531443.10869323
5739,2712713.333333317
5740,26436632.756218113
5741,37849109.71428577
5742,146510307.79999453
5743,46401918.888886884
5744,2085496.0
5745,150000000.0
5746,46401918.888886884
5747,2838771.3582089436
5748,124145723.785712
5749,77871005.33333273
5750,36601750.485716
5751,85875060.71428512
5752,2838771.3582089436
5753,268375714.75
5754,22587864.857142348
5755,79884738.69230881
5756,22587864.857142348
5757,17071414.0
5758,273767.10000001005
5759,2712713.333333317
5760,13474405.700935075
5761,6291020.464967888
5762,309606665.1428636
5763,121476029.84615876
5764,13474405.700935075
5765,40533285.170730904
5766,36601750.485716
5767,46401918.888886884
5768,40533285.170730904
5769,588839284.625
5770,11953635.70000044
5771,26436632.756218113
5772,55127022.666667946
5773,442047742.4000155
5774,50850301.46153743
5775,40533285.170730904
5776,2712713.333333317
5777,230468783.428575
5778,51129061.45454433
5779,268375714.75
5780,2838771.3582089436
5781,50850301.46153743
5782,56122266.83333199
5783,56122266.83333199
5784,2085496.0
5785,85875060.71428512
5786,6291020.464967888
5787,124207157.75
5788,13474405.700935075
5789,36601750.485716
5790,79884738.69230881
5791,53531443.10869323
5792,5327875.571428446
5793,57552032.0
5794,53531443.10869323
5795,124145723.785712
5796,2712713.333333317
5797,16045970.401099343
5798,6291020.464967888
5799,340497285.0
5800,273767.10000001005
5801,16382272.571429254
5802,6291020.464967888
5803,17967142.33333296
5804,459417313.875
5805,20502036.875
5806,2712713.333333317
5807,46401918.888886884
5808,147989643.0
5809,4236660.857142678
5810,273767.10000001005
5811,13474405.700935075
5812,37453114.55555682
5813,211395976.66667116
5814,6291020.464967888
5815,2085496.0
5816,13474405.700935075
5817,4284401.5
5818,2712713.333333317
5819,16045970.401099343
5820,57552032.0
5821,2085496.0
5822,273767.10000001005
5823,89460879.82758516
5824,70386182.0
5825,2712713.333333317
5826,4284401.5
5827,36904881.0
5828,268375714.75
5829,85875060.71428512
5830,10628461.666666703
5831,53531443.10869323
5832,40533285.170730904
5833,70386182.0
5834,30657609.52941135
5835,273767.10000001005
5836,79884738.69230881
5837,46401918.888886884
5838,2085496.0
5839,59655196.09091097
5840,6291020.464967888
5841,51333315.066665895
5842,89460879.82758516
5843,57552032.0
5844,2712713.333333317
5845,25895031.0
5846,13474405.700935075
5847,121476029.84615876
5848,51333315.066665895
5849,43800048.5
5850,46401918.888886884
5851,6291020.464967888
5852,13474405.700935075
5853,36601750.485716
5854,40533285.170730904
5855,43500565.5
5856,26436632.756218113
5857,536692292.75
5858,6291020.464967888
5859,53531443.10869323
5860,121476029.84615876
5861,13474405.700935075
5862,2712713.333333317
5863,50850301.46153743
5864,384895836.59998584
5865,26436632.756218113
5866,26436632.756218113
5867,57552032.0
5868,36601750.485716
5869,5990138.38235284
5870,2085496.0
5871,53531443.10869323
5872,124207157.75
5873,57552032.0
5874,13474405.700935075
5875,51333315.066665895
5876,146510307.79999453
5877,6291020.464967888
5878,50850301.46153743
5879,26436632.756218113
5880,53531443.10869323
5881,211395976.66667116
5882,309606665.1428636
5883,2712713.333333317
5884,30657609.52941135
5885,6291020.464967888
5886,26436632.756218113
5887,13474405.700935075
5888,5327875.571428446
5889,2085496.0
5890,30657609.52941135
5891,22904807.25
5892,17071414.0
5893,2712713.333333317
5894,79884738.69230881
5895,26436632.756218113
5896,43500565.5
5897,2085496.0
5898,16045970.401099343
5899,5327875.571428446
5900,20502036.875
5901,273767.10000001005
5902,57552032.0
5903,56122266.83333199
5904,85875060.71428512
5905,22904807.25
5906,89460879.82758516
5907,13474405.700935075
5908,53531443.10869323
5909,4750000.0
5910,85672283.66666628
5911,6291020.464967888
5912,239786838.14286664
5913,51333315.066665895
5914,2712713.333333317
5915,5990138.38235284
5916,89460879.82758516
5917,392000694.0
5918,54184469.5
5919,37453114.55555682
5920,6291020.464967888
5921,16724701.111110749
5922,26436632.756218113
5923,26436632.756218113
5924,6291020.464967888
5925,459417313.875
5926,13474405.700935075
5927,6374868.125
5928,37849109.71428577
5929,2838771.3582089436
5930,53968710.0
5931,23671371.09090962
5932,2085496.0
5933,13474405.700935075
5934,85672283.66666628
5935,108259791.2000031
5936,85875060.71428512
5937,13474405.700935075
5938,2712713.333333317
5939,40533285.170730904
5940,60561102.19999797
5941,2838771.3582089436
5942,89460879.82758516
5943,2712713.333333317
5944,46401918.888886884
5945,2712713.333333317
5946,6291020.464967888
5947,863325.1428571312
5948,219893509.5
5949,2712713.333333317
5950,102252823.20000255
5951,89460879.82758516
5952,13474405.700935075
5953,349329166.0
5954,26436632.756218113
5955,31249969.333334196
5956,37849109.71428577
5957,40533285.170730904
5958,43500565.5
5959,6291020.464967888
5960,13474405.700935075
5961,2712713.333333317
5962,6374868.125
5963,23671371.09090962
5964,53531443.10869323
5965,85875060.71428512
5966,40533285.170730904
5967,442047742.4000155
5968,37849109.71428577
5969,227799884.0
5970,13474405.700935075
5971,6291020.464967888
5972,4750000.0
5973,349329166.0
5974,2838771.3582089436
5975,26436632.756218113
5976,13474405.700935075
5977,6291020.464967888
5978,1130414203.4443946
5979,11953635.70000044
5980,177477185.73333627
5981,13474405.700935075
5982,124207157.75
5983,6291020.464967888
5984,36601750.485716
5985,79884738.69230881
5986,273767.10000001005
5987,35092975.33333422
5988,89460879.82758516
5989,863325.1428571312
5990,177477185.73333627
5991,13474405.700935075
5992,36601750.485716
5993,53968710.0
5994,6291020.464967888
5995,17071414.0
5996,46401918.888886884
5997,22587864.857142348
5998,442047742.4000155
5999,2085496.0
6000,9318038.071428532
6001,20502036.875
6002,2838771.3582089436
6003,135249593.55554962
6004,20202560.0
6005,2838771.3582089436
6006,26436632.756218113
6007,2712713.333333317
6008,5990138.38235284
6009,124145723.785712
6010,85875060.71428512
6011,16045970.401099343
6012,26436632.756218113
6013,239786838.14286664
6014,2712713.333333317
6015,16562463.666667147
6016,92989516.79999842
6017,6291020.464967888
6018,10628461.666666703
6019,2838771.3582089436
6020,13474405.700935075
6021,26436632.756218113
6022,6374868.125
6023,85672283.66666628
6024,6291020.464967888
6025,2712713.333333317
6026,177477185.73333627
6027,26436632.756218113
6028,83732621.2857151
6029,36904881.0
6030,268375714.75
6031,8765648.0
6032,2085496.0
6033,156959879.55554858
6034,2838771.3582089436
6035,239786838.14286664
6036,6374868.125
6037,13474405.700935075
6038,273767.10000001005
6039,6291020.464967888
6040,89460879.82758516
6041,442047742.4000155
6042,273767.10000001005
6043,177477185.73333627
6044,6291020.464967888
6045,46401918.888886884
6046,273767.10000001005
6047,2712713.333333317
6048,20202560.0
6049,6291020.464967888
6050,863325.1428571312
6051,863325.1428571312
6052,94720042.75
6053,2085496.0
6054,13474405.700935075
6055,13474405.700935075
6056,46401918.888886884
6057,2085496.0
6058,30500000.0
6059,102252823.20000255
6060,36601750.485716
6061,53531443.10869323
6062,9318038.071428532
6063,79884738.69230881
6064,13474405.700935075
6065,85672283.66666628
6066,89460879.82758516
6067,56122266.83333199
6068,273767.10000001005
6069,177477185.73333627
6070,51129061.45454433
6071,13474405.700935075
6072,16562463.666667147
6073,26436632.756218113
6074,2838771.3582089436
6075,57552032.0
6076,59655196.09091097
6077,20502036.875
6078,85875060.71428512
6079,442047742.4000155
6080,2085496.0
6081,1397287.3000000184
6082,13474405.700935075
6083,51129061.45454433
6084,40533285.170730904
6085,22587864.857142348
6086,13474405.700935075
6087,46401918.888886884
6088,2712713.333333317
6089,9318038.071428532
6090,268375714.75
6091,6291020.464967888
6092,6374868.125
6093,26436632.756218113
6094,177477185.73333627
6095,143988482.600003
6096,26436632.756218113
6097,26436632.756218113
6098,16724701.111110749
6099,46401918.888886884
6100,46401918.888886884
6101,177477185.73333627
6102,65929346.555557005
6103,349329166.0
6104,1.0
6105,36904881.0
6106,2838771.3582089436
6107,863325.1428571312
6108,16724701.111110749
6109,30657609.52941135
6110,91897414.25
6111,863325.1428571312
6112,2085496.0
6113,6291020.464967888
6114,89460879.82758516
6115,202824318.83332953
6116,863325.1428571312
6117,20502036.875
6118,91897414.25
6119,37849109.71428577
6120,36601750.485716
6121,6374868.125
6122,102252823.20000255
6123,1397287.3000000184
6124,6291020.464967888
6125,13474405.700935075
6126,26436632.756218113
6127,57552032.0
6128,239786838.14286664
6129,13474405.700935075
6130,2838771.3582089436
6131,5990138.38235284
6132,273767.10000001005
6133,26436632.756218113
6134,53531443.10869323
6135,97617774.16666509
6136,733002394.0735625
6137,114349606.5
6138,13474405.700935075
6139,1130414203.4443946
6140,2712713.333333317
6141,40533285.170730904
6142,13474405.700935075
6143,2712713.333333317
6144,2712713.333333317
6145,10628461.666666703
6146,26436632.756218113
6147,53531443.10869323
6148,6291020.464967888
6149,79884738.69230881
6150,930209058.3999702
6151,26436632.756218113
6152,1130414203.4443946
6153,6291020.464967888
6154,2085496.0
6155,200220807.0
6156,5327875.571428446
6157,26436632.756218113
6158,135237107.0
6159,36927900.19999862
6160,178731810.875
6161,22587864.857142348
6162,5990138.38235284
6163,6291020.464967888
6164,2712713.333333317
6165,26436632.756218113
6166,92989516.79999842
6167,26436632.756218113
6168,26436632.756218113
6169,146510307.79999453
6170,6291020.464967888
6171,8690527.0
6172,13474405.700935075
6173,5990138.38235284
6174,146510307.79999453
6175,26436632.756218113
6176,9318038.071428532
6177,54184469.5
6178,6291020.464967888
6179,632152359.0251994
6180,8765648.0
6181,2712713.333333317
6182,733002394.0735625
6183,26436632.756218113
6184,1130414203.4443946
6185,26436632.756218113
6186,2712713.333333317
6187,5990138.38235284
6188,36601750.485716
6189,2712713.333333317
6190,53531443.10869323
6191,2712713.333333317
6192,349329166.0
6193,16382272.571429254
6194,2085496.0
6195,2085496.0
6196,26436632.756218113
6197,863325.1428571312
6198,79884738.69230881
6199,874028423.0
6200,863325.1428571312
6201,6374868.125
6202,108259791.2000031
6203,733002394.0735625
6204,2712713.333333317
6205,2838771.3582089436
6206,31249969.333334196
6207,89460879.82758516
6208,26436632.756218113
6209,2085496.0
6210,43800048.5
6211,53531443.10869323
6212,2712713.333333317
6213,4236660.857142678
6214,2712713.333333317
6215,26436632.756218113
6216,36601750.485716
6217,13474405.700935075
6218,6291020.464967888
6219,36601750.485716
6220,2838771.3582089436
6221,20502036.875
6222,13474405.700935075
6223,46401918.888886884
6224,26436632.756218113
6225,53531443.10869323
6226,57552032.0
6227,2712713.333333317
6228,6374868.125
6229,2085496.0
6230,6291020.464967888
6231,79884738.69230881
6232,6291020.464967888
6233,177477185.73333627
6234,36601750.485716
6235,16045970.401099343
6236,26436632.756218113
6237,5990138.38235284
6238,2712713.333333317
6239,495768873.33334696
6240,442047742.4000155
6241,2085496.0
6242,25895031.0
6243,13474405.700935075
6244,37849109.71428577
6245,13474405.700935075
6246,2085496.0
6247,930209058.3999702
6248,2712713.333333317
6249,57552032.0
6250,31249969.333334196
6251,79884738.69230881
6252,11357494.25
6253,6291020.464967888
6254,177477185.73333627
6255,6291020.464967888
6256,13474405.700935075
6257,79884738.69230881
6258,6291020.464967888
6259,2085496.0
6260,2712713.333333317
6261,37849109.71428577
6262,13474405.700935075
6263,143988482.600003
6264,6291020.464967888
6265,20502036.875
6266,2712713.333333317
6267,211395976.66667116
6268,863325.1428571312
6269,201247176.0909019
6270,79884738.69230881
6271,230468783.428575
6272,2838771.3582089436
6273,4236660.857142678
6274,572354525.0
6275,46401918.888886884
6276,26436632.756218113
6277,40533285.170730904
6278,882348.0476190862
6279,46401918.888886884
6280,2712713.333333317
6281,5990138.38235284
6282,230468783.428575
6283,36601750.485716
6284,50850301.46153743
6285,178731810.875
6286,13474405.700935075
6287,26436632.756218113
6288,102252823.20000255
6289,177477185.73333627
6290,17967142.33333296
6291,53531443.10869323
6292,102252823.20000255
6293,733002394.0735625
6294,9318038.071428532
6295,239786838.14286664
6296,6291020.464967888
6297,36601750.485716
6298,11953635.70000044
6299,863325.1428571312
6300,14018888.25
6301,46401918.888886884
6302,13474405.700935075
6303,5990138.38235284
6304,26436632.756218113
6305,170899059.68420556
6306,30657609.52941135
6307,6291020.464967888
6308,6291020.464967888
6309,13474405.700935075
6310,36601750.485716
6311,17967142.33333296
6312,2838771.3582089436
6313,92989516.79999842
6314,23671371.09090962
6315,2712713.333333317
6316,40533285.170730904
6317,124207157.75
6318,36601750.485716
6319,40533285.170730904
6320,13474405.700935075
6321,13196854.0
6322,40533285.170730904
6323,26436632.756218113
6324,6291020.464967888
6325,16724701.111110749
6326,5990138.38235284
6327,26436632.756218113
6328,16017877.0
6329,13474405.700935075
6330,13474405.700935075
6331,60561102.19999797
6332,13474405.700935075
6333,26436632.756218113
6334,2085496.0
6335,131668795.28571165
6336,109994465.875
6337,89460879.82758516
6338,2085496.0
6339,30657609.52941135
6340,2838771.3582089436
6341,13474405.700935075
6342,2712713.333333317
6343,16045970.401099343
6344,36601750.485716
6345,6291020.464967888
6346,177477185.73333627
6347,37453114.55555682
6348,2712713.333333317
6349,36601750.485716
6350,13474405.700935075
6351,177477185.73333627
6352,349329166.0
6353,25895031.0
6354,2085496.0
6355,273767.10000001005
6356,57552032.0
6357,1397287.3000000184
6358,13474405.700935075
6359,13474405.700935075
6360,13474405.700935075
6361,202157515.25
6362,20502036.875
6363,20502036.875
6364,2712713.333333317
6365,170899059.68420556
6366,20502036.875
6367,5990138.38235284
6368,40533285.170730904
6369,2712713.333333317
6370,572354525.0
6371,6374868.125
6372,23671371.09090962
6373,13474405.700935075
6374,18774672.57142905
6375,13196854.0
6376,26436632.756218113
6377,5990138.38235284
6378,1397287.3000000184
6379,202157515.25
6380,26436632.756218113
6381,588839284.625
6382,91897414.25
6383,36601750.485716
6384,79884738.69230881
6385,57552032.0
6386,378545276.25
6387,13474405.700935075
6388,6291020.464967888
6389,2838771.3582089436
6390,26436632.756218113
6391,13474405.700935075
6392,4236660.857142678
6393,230468783.428575
6394,202157515.25
6395,6291020.464967888
6396,2085496.0
6397,13474405.700935075
6398,2712713.333333317
6399,13474405.700935075
6400,30657609.52941135
6401,6291020.464967888
6402,57552032.0
6403,2085496.0
6404,26436632.756218113
6405,13474405.700935075
6406,13474405.700935075
6407,26436632.756218113
6408,36601750.485716
6409,89460879.82758516
6410,26436632.756218113
6411,6374868.125
6412,2712713.333333317
6413,16724701.111110749
6414,588839284.625
6415,6291020.464967888
6416,2712713.333333317
6417,50850301.46153743
6418,51333315.066665895
6419,46401918.888886884
6420,35003607.97368467
6421,26436632.756218113
6422,2085496.0
6423,2712713.333333317
6424,156959879.55554858
6425,10628461.666666703
6426,13474405.700935075
6427,13474405.700935075
6428,5077006.25
6429,92989516.79999842
6430,65929346.555557005
6431,102252823.20000255
6432,151545639.5
6433,26436632.756218113
6434,26436632.756218113
6435,30657609.52941135
6436,89460879.82758516
6437,2712713.333333317
6438,26436632.756218113
6439,13474405.700935075
6440,53531443.10869323
6441,26436632.756218113
6442,2838771.3582089436
6443,10628461.666666703
6444,863325.1428571312
6445,459417313.875
6446,230468783.428575
6447,2712713.333333317
6448,13474405.700935075
6449,40533285.170730904
6450,3265522.0
6451,5990138.38235284
6452,13196854.0
6453,89460879.82758516
6454,16045970.401099343
6455,16724701.111110749
6456,13474405.700935075
6457,43500565.5
6458,36904881.0
6459,2712713.333333317
6460,79884738.69230881
6461,211395976.66667116
6462,202157515.25
6463,863325.1428571312
6464,13474405.700935075
6465,2712713.333333317
6466,26436632.756218113
6467,9318038.071428532
6468,13474405.700935075
6469,6291020.464967888
6470,13474405.700935075
6471,2838771.3582089436
6472,20202560.0
6473,26436632.756218113
6474,6291020.464967888
6475,36904881.0
6476,309606665.1428636
6477,85875060.71428512
6478,26436632.756218113
6479,135249593.55554962
6480,53531443.10869323
6481,44139291.333333
6482,2838771.3582089436
6483,13474405.700935075
6484,202824318.83332953
6485,124145723.785712
6486,2085496.0
6487,121476029.84615876
6488,36601750.485716
6489,273767.10000001005
6490,863325.1428571312
6491,26436632.756218113
6492,13474405.700935075
6493,10628461.666666703
6494,102252823.20000255
6495,20502036.875
6496,378545276.25
6497,202157515.25
6498,31249969.333334196
6499,36927900.19999862
6500,2085496.0
6501,13474405.700935075
6502,201247176.0909019
6503,26436632.756218113
6504,8690527.0
6505,13474405.700935075
6506,5327875.571428446
6507,2712713.333333317
6508,53531443.10869323
6509,13474405.700935075
6510,6291020.464967888
6511,5990138.38235284
6512,2712713.333333317
6513,26436632.756218113
6514,13474405.700935075
6515,442047742.4000155
6516,46401918.888886884
6517,2712713.333333317
6518,57552032.0
6519,178731810.875
6520,6291020.464967888
6521,268375714.75
6522,46401918.888886884
6523,77871005.33333273
6524,36601750.485716
6525,109994465.875
6526,384895836.59998584
6527,273767.10000001005
6528,2838771.3582089436
6529,2712713.333333317
6530,79884738.69230881
6531,13474405.700935075
6532,2712713.333333317
6533,13474405.700935075
6534,587700281.800022
6535,13474405.700935075
6536,26436632.756218113
6537,94720042.75
6538,36601750.485716
6539,37453114.55555682
6540,151545639.5
6541,121476029.84615876
6542,10628461.666666703
6543,863325.1428571312
6544,26436632.756218113
6545,11357494.25
6546,588839284.625
6547,2085496.0
6548,28817179.71428637
6549,65929346.555557005
6550,40533285.170730904
6551,79884738.69230881
6552,4236660.857142678
6553,273767.10000001005
6554,36601750.485716
6555,57552032.0
6556,89460879.82758516
6557,2712713.333333317
6558,59655196.09091097
6559,114349606.5
6560,442047742.4000155
6561,6291020.464967888
6562,50850301.46153743
6563,20502036.875
6564,13474405.700935075
6565,26436632.756218113
6566,16045970.401099343
6567,2712713.333333317
6568,40533285.170730904
6569,6291020.464967888
6570,54184469.5
6571,26436632.756218113
6572,273767.10000001005
6573,26436632.756218113
6574,16045970.401099343
6575,6291020.464967888
6576,26436632.756218113
6577,13474405.700935075
6578,22904807.25
6579,2712713.333333317
6580,2085496.0
6581,35003607.97368467
6582,2838771.3582089436
6583,1.0
6584,2085496.0
6585,85875060.71428512
6586,36601750.485716
6587,2712713.333333317
6588,13474405.700935075
6589,89460879.82758516
6590,170899059.68420556
6591,26436632.756218113
6592,177477185.73333627
6593,37453114.55555682
6594,349329166.0
6595,273767.10000001005
6596,102252823.20000255
6597,6291020.464967888
6598,26436632.756218113
6599,6374868.125
6600,2712713.333333317
6601,85672283.66666628
6602,588839284.625
6603,85875060.71428512
6604,26436632.756218113
6605,177477185.73333627
6606,2838771.3582089436
6607,94720042.75
6608,273767.10000001005
6609,2085496.0
6610,57552032.0
6611,36904881.0
6612,874028423.0
6613,53531443.10869323
6614,239786838.14286664
6615,2085496.0
6616,79884738.69230881
6617,89460879.82758516
6618,36601750.485716
6619,36904881.0
6620,5990138.38235284
6621,26436632.756218113
6622,51129061.45454433
6623,135249593.55554962
6624,170899059.68420556
6625,60561102.19999797
6626,2712713.333333317
6627,26436632.756218113
6628,2838771.3582089436
6629,26436632.756218113
6630,2712713.333333317
6631,2712713.333333317
6632,2085496.0
6633,18774672.57142905
6634,18774672.57142905
6635,6291020.464967888
6636,441809770.0
6637,51333315.066665895
6638,2085496.0
6639,6291020.464967888
6640,2712713.333333317
6641,202824318.83332953
6642,202157515.25
6643,863325.1428571312
6644,6291020.464967888
6645,53531443.10869323
6646,26436632.756218113
6647,6291020.464967888
6648,70386182.0
6649,6291020.464967888
6650,2712713.333333317
6651,36601750.485716
6652,6374868.125
6653,40533285.170730904
6654,83732621.2857151
6655,26436632.756218113
6656,2712713.333333317
6657,89460879.82758516
6658,13474405.700935075
6659,11953635.70000044
6660,6291020.464967888
6661,2838771.3582089436
6662,26436632.756218113
6663,1028570889.0
6664,13474405.700935075
6665,2085496.0
6666,20202560.0
6667,53531443.10869323
6668,5327875.571428446
6669,57552032.0
6670,6291020.464967888
6671,13474405.700935075
6672,57552032.0
6673,65929346.555557005
6674,588839284.625
6675,59655196.09091097
6676,13474405.700935075
6677,6291020.464967888
6678,13474405.700935075
6679,459417313.875
6680,26436632.756218113
6681,1130414203.4443946
6682,36927900.19999862
6683,143988482.600003
6684,11953635.70000044
6685,2712713.333333317
6686,57552032.0
6687,114349606.5
6688,22587864.857142348
6689,17883298.599999335
6690,495768873.33334696
6691,36904881.0
6692,653329415.1999754
6693,36601750.485716
6694,51333315.066665895
6695,26436632.756218113
6696,121476029.84615876
6697,6291020.464967888
6698,4236660.857142678
6699,239786838.14286664
6700,58067231.66666815
6701,114349606.5
6702,46401918.888886884
6703,6291020.464967888
6704,6291020.464967888
6705,46401918.888886884
6706,16045970.401099343
6707,26436632.756218113
6708,9318038.071428532
6709,2838771.3582089436
6710,53531443.10869323
6711,26436632.756218113
6712,135237107.0
6713,2712713.333333317
6714,2085496.0
6715,6291020.464967888
6716,31249969.333334196
6717,572354525.0
6718,9318038.071428532
6719,26436632.756218113
6720,863325.1428571312
6721,79884738.69230881
6722,2838771.3582089436
6723,79884738.69230881
6724,2712713.333333317
6725,2838771.3582089436
6726,114349606.5
6727,2712713.333333317
6728,13474405.700935075
6729,8690527.0
6730,26436632.756218113
6731,6291020.464967888
6732,6291020.464967888
6733,85672283.66666628
6734,13474405.700935075
6735,51129061.45454433
6736,6291020.464967888
6737,6291020.464967888
6738,13474405.700935075
6739,2712713.333333317
6740,273767.10000001005
6741,863325.1428571312
6742,13196854.0
6743,65929346.555557005
6744,2712713.333333317
6745,5327875.571428446
6746,53531443.10869323
6747,26436632.756218113
6748,273767.10000001005
6749,13474405.700935075
6750,863325.1428571312
6751,2476913.942028999
6752,219893509.5
6753,16382272.571429254
6754,51333315.066665895
6755,13474405.700935075
6756,177477185.73333627
6757,30657609.52941135
6758,13474405.700935075
6759,201247176.0909019
6760,16045970.401099343
6761,26436632.756218113
6762,2085496.0
6763,26436632.756218113
6764,2838771.3582089436
6765,102252823.20000255
6766,2085496.0
6767,46401918.888886884
6768,177477185.73333627
6769,20502036.875
6770,26436632.756218113
6771,5327875.571428446
6772,2712713.333333317
6773,2712713.333333317
6774,135249593.55554962
6775,384895836.59998584
6776,2838771.3582089436
6777,74302279.5
6778,91897414.25
6779,57552032.0
6780,131668795.28571165
6781,2712713.333333317
6782,121476029.84615876
6783,46401918.888886884
6784,863325.1428571312
6785,89460879.82758516
6786,2838771.3582089436
6787,57552032.0
6788,2085496.0
6789,6291020.464967888
6790,5990138.38235284
6791,16045970.401099343
6792,268375714.75
6793,85875060.71428512
6794,20502036.875
6795,6291020.464967888
6796,587700281.800022
6797,2712713.333333317
6798,46401918.888886884
6799,13474405.700935075
6800,83732621.2857151
6801,226955659.5
6802,2712713.333333317
6803,177477185.73333627
6804,43800048.5
6805,16045970.401099343
6806,13474405.700935075
6807,89460879.82758516
6808,2838771.3582089436
6809,30657609.52941135
6810,2712713.333333317
6811,77871005.33333273
6812,20502036.875
6813,121476029.84615876
6814,2712713.333333317
6815,2712713.333333317
6816,2712713.333333317
6817,273767.10000001005
6818,43800048.5
6819,30657609.52941135
6820,8765648.0
6821,20202560.0
6822,8414999.123893743
6823,156959879.55554858
6824,226385470.40000698
6825,85875060.71428512
6826,16724701.111110749
6827,2712713.333333317
6828,273767.10000001005
6829,863325.1428571312
6830,2712713.333333317
6831,146510307.79999453
6832,26436632.756218113
6833,26436632.756218113
6834,2712713.333333317
6835,121476029.84615876
6836,2712713.333333317
6837,79884738.69230881
6838,2712713.333333317
6839,13474405.700935075
6840,26436632.756218113
6841,40533285.170730904
6842,26436632.756218113
6843,2712713.333333317
6844,44139291.333333
6845,26436632.756218113
6846,46401918.888886884
6847,1397287.3000000184
6848,13474405.700935075
6849,26436632.756218113
6850,53531443.10869323
6851,349329166.0
6852,13474405.700935075
6853,2712713.333333317
6854,40533285.170730904
6855,46401918.888886884
6856,6291020.464967888
6857,26436632.756218113
6858,2838771.3582089436
6859,54184469.5
6860,13474405.700935075
6861,31249969.333334196
6862,46401918.888886884
6863,572354525.0
6864,36904881.0
6865,2838771.3582089436
6866,121476029.84615876
6867,40533285.170730904
6868,1130414203.4443946
6869,26436632.756218113
6870,2085496.0
6871,178731810.875
6872,2838771.3582089436
6873,26436632.756218113
6874,178731810.875
6875,13474405.700935075
6876,92989516.79999842
6877,16724701.111110749
6878,863325.1428571312
6879,2712713.333333317
6880,164090.31578946693
6881,6374868.125
6882,94720042.75
6883,146510307.79999453
6884,10628461.666666703
6885,6374868.125
6886,13474405.700935075
6887,26436632.756218113
6888,178731810.875
6889,6374868.125
6890,2712713.333333317
6891,53531443.10869323
6892,151545639.5
6893,177477185.73333627
6894,16045970.401099343
6895,6291020.464967888
6896,2838771.3582089436
6897,863325.1428571312
6898,26436632.756218113
6899,13474405.700935075
6900,85875060.71428512
6901,36601750.485716
6902,13474405.700935075
6903,16724701.111110749
6904,17883298.599999335
6905,16045970.401099343
6906,170899059.68420556
6907,40533285.170730904
6908,5990138.38235284
6909,6291020.464967888
6910,5327875.571428446
6911,20502036.875
6912,26436632.756218113
6913,587700281.800022
6914,588839284.625
6915,26436632.756218113
6916,26436632.756218113
6917,1130414203.4443946
6918,53531443.10869323
6919,2085496.0
6920,121476029.84615876
6921,309606665.1428636
6922,26436632.756218113
6923,6291020.464967888
6924,43800048.5
6925,17071414.0
6926,5990138.38235284
6927,6291020.464967888
6928,36601750.485716
6929,59655196.09091097
6930,177477185.73333627
6931,26436632.756218113
6932,6291020.464967888
6933,6291020.464967888
6934,124145723.785712
6935,2085496.0
6936,8414999.123893743
6937,83732621.2857151
6938,6291020.464967888
6939,2712713.333333317
6940,53968710.0
6941,114349606.5
6942,2712713.333333317
6943,11953635.70000044
6944,170899059.68420556
6945,6291020.464967888
6946,114349606.5
6947,13474405.700935075
6948,36927900.19999862
6949,14018888.25
6950,459417313.875
6951,1397287.3000000184
6952,26436632.756218113
6953,26436632.756218113
6954,18774672.57142905
6955,8602706.0
6956,2712713.333333317
6957,4284401.5
6958,6291020.464967888
6959,6291020.464967888
6960,16045970.401099343
6961,26436632.756218113
6962,124207157.75
6963,26436632.756218113
6964,56122266.83333199
6965,2712713.333333317
6966,109994465.875
6967,108259791.2000031
6968,6291020.464967888
6969,13474405.700935075
6970,26436632.756218113
6971,151545639.5
6972,2085496.0
6973,36601750.485716
6974,40533285.170730904
6975,2712713.333333317
6976,26436632.756218113
6977,6291020.464967888
6978,2712713.333333317
6979,46401918.888886884
6980,22587864.857142348
6981,13474405.700935075
6982,201247176.0909019
6983,2085496.0
6984,124145723.785712
6985,268375714.75
6986,36601750.485716
6987,2838771.3582089436
6988,57552032.0
6989,6374868.125
6990,239786838.14286664
6991,13474405.700935075
6992,2838771.3582089436
6993,6291020.464967888
6994,35092975.33333422
6995,31249969.333334196
6996,53531443.10869323
6997,2085496.0
6998,4284401.5
6999,121476029.84615876
7000,2085496.0
7001,13474405.700935075
7002,2838771.3582089436
7003,2712713.333333317
7004,4236660.857142678
7005,6291020.464967888
7006,2085496.0
7007,57552032.0
7008,121476029.84615876
7009,4284401.5
7010,8414999.123893743
7011,6291020.464967888
7012,13474405.700935075
7013,13474405.700935075
7014,35092975.33333422
7015,170899059.68420556
7016,572354525.0
7017,16382272.571429254
7018,2712713.333333317
7019,79884738.69230881
7020,37849109.71428577
7021,17883298.599999335
7022,26436632.756218113
7023,146510307.79999453
7024,5990138.38235284
7025,13474405.700935075
7026,202157515.25
7027,22904807.25
7028,13474405.700935075
7029,178731810.875
7030,16045970.401099343
7031,54184469.5
7032,5327875.571428446
7033,6291020.464967888
7034,3265522.0
7035,13474405.700935075
7036,13474405.700935075
7037,57552032.0
7038,6374868.125
7039,37849109.71428577
7040,26436632.756218113
7041,36601750.485716
7042,91897414.25
7043,13474405.700935075
7044,16045970.401099343
7045,46401918.888886884
7046,131668795.28571165
7047,230468783.428575
7048,57552032.0
7049,89460879.82758516
7050,273767.10000001005
7051,57552032.0
7052,89460879.82758516
7053,18774672.57142905
7054,146510307.79999453
7055,190982245.66666943
7056,309606665.1428636
7057,9318038.071428532
7058,6291020.464967888
7059,46401918.888886884
7060,26436632.756218113
7061,20202560.0
7062,40533285.170730904
7063,11953635.70000044
7064,230468783.428575
7065,46401918.888886884
7066,13474405.700935075
7067,2085496.0
7068,40533285.170730904
7069,16382272.571429254
7070,108259791.2000031
7071,372848415.5
7072,2085496.0
7073,16724701.111110749
7074,13474405.700935075
7075,85875060.71428512
7076,37849109.71428577
7077,20202560.0
7078,37453114.55555682
7079,13474405.700935075
7080,36904881.0
7081,13474405.700935075
7082,2838771.3582089436
7083,150000000.0
7084,26436632.756218113
7085,26436632.756218113
7086,43800048.5
7087,177477185.73333627
7088,79884738.69230881
7089,6291020.464967888
7090,13474405.700935075
7091,13474405.700935075
7092,442047742.4000155
7093,36601750.485716
7094,16045970.401099343
7095,2712713.333333317
7096,30657609.52941135
7097,200220807.0
7098,28817179.71428637
7099,349329166.0
7100,13474405.700935075
7101,109994465.875
7102,2085496.0
7103,13474405.700935075
7104,16724701.111110749
7105,349329166.0
7106,26436632.756218113
7107,114349606.5
7108,2712713.333333317
7109,46401918.888886884
7110,6291020.464967888
7111,13474405.700935075
7112,131668795.28571165
7113,121476029.84615876
7114,26436632.756218113
7115,2712713.333333317
7116,2712713.333333317
7117,863325.1428571312
7118,26436632.756218113
7119,16562463.666667147
7120,6291020.464967888
7121,4236660.857142678
7122,2085496.0
7123,11953635.70000044
7124,459417313.875
7125,85672283.66666628
7126,135249593.55554962
7127,94720042.75
7128,26436632.756218113
7129,2838771.3582089436
7130,9318038.071428532
7131,57552032.0
7132,2712713.333333317
7133,202824318.83332953
7134,8765648.0
7135,43500565.5
7136,46401918.888886884
7137,92989516.79999842
7138,26436632.756218113
7139,13474405.700935075
7140,102252823.20000255
7141,6291020.464967888
7142,22587864.857142348
7143,109994465.875
7144,2838771.3582089436
7145,53531443.10869323
7146,6374868.125
7147,8765648.0
7148,56122266.83333199
7149,2712713.333333317
7150,6291020.464967888
7151,13474405.700935075
7152,349329166.0
7153,2712713.333333317
7154,16045970.401099343
7155,177477185.73333627
7156,16724701.111110749
7157,65929346.555557005
7158,6291020.464967888
7159,2838771.3582089436
7160,6291020.464967888
7161,51333315.066665895
7162,442047742.4000155
7163,26436632.756218113
7164,13474405.700935075
7165,202157515.25
7166,26436632.756218113
7167,13474405.700935075
7168,13474405.700935075
7169,13474405.700935075
7170,2712713.333333317
7171,10628461.666666703
7172,2712713.333333317
7173,36904881.0
7174,6374868.125
7175,2838771.3582089436
7176,26436632.756218113
7177,121476029.84615876
7178,8765648.0
7179,226385470.40000698
7180,2085496.0
7181,2712713.333333317
7182,79884738.69230881
7183,273767.10000001005
7184,1130414203.4443946
7185,2712713.333333317
7186,16045970.401099343
7187,30657609.52941135
7188,14018888.25
7189,20202560.0
7190,5990138.38235284
7191,863325.1428571312
7192,26436632.756218113
7193,57552032.0
7194,588839284.625
7195,92989516.79999842
7196,26436632.756218113
7197,13474405.700935075
7198,2712713.333333317
7199,2712713.333333317
7200,91158649.5
7201,6291020.464967888
7202,46401918.888886884
7203,6291020.464967888
7204,146510307.79999453
7205,268375714.75
7206,211395976.66667116
7207,588839284.625
7208,46401918.888886884
7209,6374868.125
7210,6291020.464967888
7211,1.0
7212,9318038.071428532
7213,26436632.756218113
7214,572354525.0
7215,349329166.0
7216,83732621.2857151
7217,6291020.464967888
7218,16045970.401099343
7219,5990138.38235284
7220,89460879.82758516
7221,26436632.756218113
7222,356830601.0
7223,6291020.464967888
7224,5990138.38235284
7225,2085496.0
7226,30657609.52941135
7227,79884738.69230881
7228,26436632.756218113
7229,36601750.485716
7230,6291020.464967888
7231,26436632.756218113
7232,268375714.75
7233,85672283.66666628
7234,572354525.0
7235,16045970.401099343
7236,50850301.46153743
7237,26436632.756218113
7238,6291020.464967888
7239,735465609.6666751
7240,14018888.25
7241,135237107.0
7242,56122266.83333199
7243,26436632.756218113
7244,40533285.170730904
7245,6291020.464967888
7246,273767.10000001005
7247,28817179.71428637
7248,85875060.71428512
7249,6291020.464967888
7250,6291020.464967888
7251,16045970.401099343
7252,26436632.756218113
7253,26436632.756218113
7254,46401918.888886884
7255,2838771.3582089436
7256,2712713.333333317
7257,26436632.756218113
7258,8765648.0
7259,13474405.700935075
7260,17967142.33333296
7261,90024292.0
7262,273767.10000001005
7263,51333315.066665895
7264,5990138.38235284
7265,9318038.071428532
7266,23671371.09090962
7267,6291020.464967888
7268,2712713.333333317
7269,135237107.0
7270,170899059.68420556
7271,6291020.464967888
7272,26436632.756218113
7273,5990138.38235284
7274,2712713.333333317
7275,26436632.756218113
7276,2838771.3582089436
7277,230468783.428575
7278,135249593.55554962
7279,201247176.0909019
7280,121476029.84615876
7281,40533285.170730904
7282,22904807.25
7283,201247176.0909019
7284,6291020.464967888
7285,89460879.82758516
7286,131668795.28571165
7287,6291020.464967888
7288,2712713.333333317
7289,124145723.785712
7290,26436632.756218113
7291,26436632.756218113
7292,2085496.0
7293,26436632.756218113
7294,13474405.700935075
7295,53531443.10869323
7296,2085496.0
7297,28817179.71428637
7298,6291020.464967888
7299,13474405.700935075
7300,2712713.333333317
7301,26436632.756218113
7302,13474405.700935075
7303,2085496.0
7304,26436632.756218113
7305,6291020.464967888
7306,459417313.875
7307,2085496.0
7308,6291020.464967888
7309,26436632.756218113
7310,2712713.333333317
7311,20502036.875
7312,170899059.68420556
7313,202157515.25
7314,18774672.57142905
7315,6291020.464967888
7316,2712713.333333317
7317,26436632.756218113
7318,50850301.46153743
7319,5990138.38235284
7320,442047742.4000155
7321,43800048.5
7322,2712713.333333317
7323,46401918.888886884
7324,26436632.756218113
7325,309606665.1428636
7326,223688215.83332798
7327,2712713.333333317
7328,54184469.5
7329,201247176.0909019
7330,309606665.1428636
7331,79884738.69230881
7332,36601750.485716
7333,53531443.10869323
7334,2712713.333333317
7335,56122266.83333199
7336,85672283.66666628
7337,13474405.700935075
7338,53531443.10869323
7339,53531443.10869323
7340,5327875.571428446
7341,273767.10000001005
7342,121476029.84615876
7343,13474405.700935075
7344,2838771.3582089436
7345,150000000.0
7346,6291020.464967888
7347,4284401.5
7348,2712713.333333317
7349,44139291.333333
7350,156313594.0
7351,23671371.09090962
7352,863325.1428571312
7353,6291020.464967888
7354,863325.1428571312
7355,36601750.485716
7356,36601750.485716
7357,6374868.125
7358,11953635.70000044
7359,53531443.10869323
7360,36601750.485716
7361,273767.10000001005
7362,192330738.0
7363,653329415.1999754
7364,2085496.0
7365,89460879.82758516
7366,8765648.0
7367,6291020.464967888
7368,2712713.333333317
7369,89460879.82758516
7370,53531443.10869323
7371,2838771.3582089436
7372,124145723.785712
7373,459417313.875
7374,9318038.071428532
7375,109994465.875
7376,2838771.3582089436
7377,26436632.756218113
7378,85672283.66666628
7379,50850301.46153743
7380,2712713.333333317
7381,13474405.700935075
7382,16382272.571429254
7383,2085496.0
7384,26436632.756218113
7385,46401918.888886884
7386,26436632.756218113
7387,6291020.464967888
7388,2712713.333333317
7389,6291020.464967888
7390,6291020.464967888
7391,2712713.333333317
7392,26436632.756218113
7393,536692292.75
7394,124145723.785712
7395,36601750.485716
7396,16045970.401099343
7397,356830601.0
7398,2712713.333333317
